<?xml version="1.0" encoding="UTF-8"?>
<gpx xmlns="http://www.topografix.com/GPX/1/1" xmlns:xsi="http://www.w3.org/2001/XMLSchema-instance" xsi:schemaLocation="http://www.topografix.com/GPX/1/1 http://www.topografix.com/GPX/1/1/gpx.xsd" version="1.1" creator="https://www.komoot.de">
  <metadata>
    <name>Ahrtal Weinberge scenic</name>
    <author>
      <link href="https://www.komoot.de">
        <text>komoot</text>
        <type>text/html</type>
      </link>
    </author>
  </metadata>
  <trk>
    <name>Ahrtal Weinberge scenic</name>
    <trkseg>
      <trkpt lat="50.72575" lon="7.092977">
        <time>2026-05-08T14:01:35.231000Z</time>
      </trkpt>
      <trkpt lat="50.725691" lon="7.092904">
        <time>2026-05-08T14:01:36.578000Z</time>
      </trkpt>
      <trkpt lat="50.725356" lon="7.092468">
        <time>2026-05-08T14:01:44.644000Z</time>
      </trkpt>
      <trkpt lat="50.725519" lon="7.092154">
        <time>2026-05-08T14:01:48.970000Z</time>
      </trkpt>
      <trkpt lat="50.725602" lon="7.091997">
        <time>2026-05-08T14:01:51.069000Z</time>
      </trkpt>
      <trkpt lat="50.725711" lon="7.091769">
        <time>2026-05-08T14:01:54.080000Z</time>
      </trkpt>
      <trkpt lat="50.725741" lon="7.091711">
        <time>2026-05-08T14:01:54.881000Z</time>
      </trkpt>
      <trkpt lat="50.725714" lon="7.091677">
        <time>2026-05-08T14:01:55.526000Z</time>
      </trkpt>
      <trkpt lat="50.725666" lon="7.091618">
        <time>2026-05-08T14:01:56.592000Z</time>
      </trkpt>
      <trkpt lat="50.725619" lon="7.091559">
        <time>2026-05-08T14:01:57.652000Z</time>
      </trkpt>
      <trkpt lat="50.72546" lon="7.091361">
        <time>2026-05-08T14:02:01.238000Z</time>
      </trkpt>
      <trkpt lat="50.725137" lon="7.090956">
        <time>2026-05-08T14:02:08.747000Z</time>
      </trkpt>
      <trkpt lat="50.724947" lon="7.090719">
        <time>2026-05-08T14:02:13.037000Z</time>
      </trkpt>
      <trkpt lat="50.724873" lon="7.090617">
        <time>2026-05-08T14:02:14.780000Z</time>
      </trkpt>
      <trkpt lat="50.724683" lon="7.090389">
        <time>2026-05-08T14:02:18.812000Z</time>
      </trkpt>
      <trkpt lat="50.724612" lon="7.090332">
        <time>2026-05-08T14:02:20.167000Z</time>
      </trkpt>
      <trkpt lat="50.724543" lon="7.090276">
        <time>2026-05-08T14:02:21.427000Z</time>
      </trkpt>
      <trkpt lat="50.724237" lon="7.09003">
        <time>2026-05-08T14:02:27.179000Z</time>
      </trkpt>
      <trkpt lat="50.72411" lon="7.089942">
        <time>2026-05-08T14:02:29.665000Z</time>
      </trkpt>
      <trkpt lat="50.723681" lon="7.089626">
        <time>2026-05-08T14:02:38.748000Z</time>
      </trkpt>
      <trkpt lat="50.723586" lon="7.089555">
        <time>2026-05-08T14:02:40.767000Z</time>
      </trkpt>
      <trkpt lat="50.723163" lon="7.089249">
        <time>2026-05-08T14:02:49.120000Z</time>
      </trkpt>
      <trkpt lat="50.723135" lon="7.089231">
        <time>2026-05-08T14:02:49.655000Z</time>
      </trkpt>
      <trkpt lat="50.722937" lon="7.089094">
        <time>2026-05-08T14:02:53.260000Z</time>
      </trkpt>
      <trkpt lat="50.722571" lon="7.088856">
        <time>2026-05-08T14:03:00.322000Z</time>
      </trkpt>
      <trkpt lat="50.722247" lon="7.088652">
        <time>2026-05-08T14:03:07.553000Z</time>
      </trkpt>
      <trkpt lat="50.722135" lon="7.088579">
        <time>2026-05-08T14:03:10.294000Z</time>
      </trkpt>
      <trkpt lat="50.722027" lon="7.088512">
        <time>2026-05-08T14:03:12.982000Z</time>
      </trkpt>
      <trkpt lat="50.721933" lon="7.088446">
        <time>2026-05-08T14:03:15.314000Z</time>
      </trkpt>
      <trkpt lat="50.721627" lon="7.088231">
        <time>2026-05-08T14:03:22.737000Z</time>
      </trkpt>
      <trkpt lat="50.721538" lon="7.088169">
        <time>2026-05-08T14:03:24.910000Z</time>
      </trkpt>
      <trkpt lat="50.721277" lon="7.087985">
        <time>2026-05-08T14:03:31.437000Z</time>
      </trkpt>
      <trkpt lat="50.720962" lon="7.08762">
        <time>2026-05-08T14:03:41.024000Z</time>
      </trkpt>
      <trkpt lat="50.720851" lon="7.087517">
        <time>2026-05-08T14:03:44.320000Z</time>
      </trkpt>
      <trkpt lat="50.720621" lon="7.087366">
        <time>2026-05-08T14:03:50.686000Z</time>
      </trkpt>
      <trkpt lat="50.720569" lon="7.087345">
        <time>2026-05-08T14:03:52.071000Z</time>
      </trkpt>
      <trkpt lat="50.720547" lon="7.087337">
        <time>2026-05-08T14:03:52.642000Z</time>
      </trkpt>
      <trkpt lat="50.720145" lon="7.087193">
        <time>2026-05-08T14:04:03.842000Z</time>
      </trkpt>
      <trkpt lat="50.719931" lon="7.087026">
        <time>2026-05-08T14:04:11.070000Z</time>
      </trkpt>
      <trkpt lat="50.719718" lon="7.08676">
        <time>2026-05-08T14:04:19.901000Z</time>
      </trkpt>
      <trkpt lat="50.719705" lon="7.086743">
        <time>2026-05-08T14:04:20.468000Z</time>
      </trkpt>
      <trkpt lat="50.71944" lon="7.086374">
        <time>2026-05-08T14:04:32.307000Z</time>
      </trkpt>
      <trkpt lat="50.719359" lon="7.086261">
        <time>2026-05-08T14:04:36.141000Z</time>
      </trkpt>
      <trkpt lat="50.71911" lon="7.085958">
        <time>2026-05-08T14:04:47.586000Z</time>
      </trkpt>
      <trkpt lat="50.718858" lon="7.085769">
        <time>2026-05-08T14:04:58.401000Z</time>
      </trkpt>
      <trkpt lat="50.718648" lon="7.085712">
        <time>2026-05-08T14:05:07.195000Z</time>
      </trkpt>
      <trkpt lat="50.718522" lon="7.085719">
        <time>2026-05-08T14:05:12.470000Z</time>
      </trkpt>
      <trkpt lat="50.718358" lon="7.085755">
        <time>2026-05-08T14:05:19.608000Z</time>
      </trkpt>
      <trkpt lat="50.718294" lon="7.085822">
        <time>2026-05-08T14:05:23.121000Z</time>
      </trkpt>
      <trkpt lat="50.718301" lon="7.08588">
        <time>2026-05-08T14:05:24.608000Z</time>
      </trkpt>
      <trkpt lat="50.718294" lon="7.085822">
        <time>2026-05-08T14:05:26.401000Z</time>
      </trkpt>
      <trkpt lat="50.718164" lon="7.085762">
        <time>2026-05-08T14:05:32.832000Z</time>
      </trkpt>
      <trkpt lat="50.71797" lon="7.085774">
        <time>2026-05-08T14:05:42.463000Z</time>
      </trkpt>
      <trkpt lat="50.717698" lon="7.085838">
        <time>2026-05-08T14:05:55.778000Z</time>
      </trkpt>
      <trkpt lat="50.717355" lon="7.085979">
        <time>2026-05-08T14:06:12.585000Z</time>
      </trkpt>
      <trkpt lat="50.717011" lon="7.086158">
        <time>2026-05-08T14:06:28.399000Z</time>
      </trkpt>
      <trkpt lat="50.716964" lon="7.086183">
        <time>2026-05-08T14:06:30.361000Z</time>
      </trkpt>
      <trkpt lat="50.716865" lon="7.086248">
        <time>2026-05-08T14:06:34.689000Z</time>
      </trkpt>
      <trkpt lat="50.716455" lon="7.086438">
        <time>2026-05-08T14:06:51.145000Z</time>
      </trkpt>
      <trkpt lat="50.716304" lon="7.086496">
        <time>2026-05-08T14:06:56.891000Z</time>
      </trkpt>
      <trkpt lat="50.716262" lon="7.086512">
        <time>2026-05-08T14:06:58.494000Z</time>
      </trkpt>
      <trkpt lat="50.716032" lon="7.086596">
        <time>2026-05-08T14:07:06.588000Z</time>
      </trkpt>
      <trkpt lat="50.715856" lon="7.086643">
        <time>2026-05-08T14:07:11.990000Z</time>
      </trkpt>
      <trkpt lat="50.715499" lon="7.086711">
        <time>2026-05-08T14:07:22.274000Z</time>
      </trkpt>
      <trkpt lat="50.715387" lon="7.086732">
        <time>2026-05-08T14:07:25.343000Z</time>
      </trkpt>
      <trkpt lat="50.715166" lon="7.08677">
        <time>2026-05-08T14:07:30.941000Z</time>
      </trkpt>
      <trkpt lat="50.714891" lon="7.086815">
        <time>2026-05-08T14:07:37.732000Z</time>
      </trkpt>
      <trkpt lat="50.714634" lon="7.08686">
        <time>2026-05-08T14:07:43.981000Z</time>
      </trkpt>
      <trkpt lat="50.714476" lon="7.08688">
        <time>2026-05-08T14:07:47.823000Z</time>
      </trkpt>
      <trkpt lat="50.714408" lon="7.087147">
        <time>2026-05-08T14:07:52.326000Z</time>
      </trkpt>
      <trkpt lat="50.714204" lon="7.087492">
        <time>2026-05-08T14:07:59.802000Z</time>
      </trkpt>
      <trkpt lat="50.714088" lon="7.087639">
        <time>2026-05-08T14:08:03.309000Z</time>
      </trkpt>
      <trkpt lat="50.713867" lon="7.087829">
        <time>2026-05-08T14:08:08.651000Z</time>
      </trkpt>
      <trkpt lat="50.713764" lon="7.087883">
        <time>2026-05-08T14:08:10.824000Z</time>
      </trkpt>
      <trkpt lat="50.713392" lon="7.088064">
        <time>2026-05-08T14:08:18.319000Z</time>
      </trkpt>
      <trkpt lat="50.713165" lon="7.088112">
        <time>2026-05-08T14:08:22.935000Z</time>
      </trkpt>
      <trkpt lat="50.712843" lon="7.088099">
        <time>2026-05-08T14:08:30.017000Z</time>
      </trkpt>
      <trkpt lat="50.712641" lon="7.088091">
        <time>2026-05-08T14:08:34.934000Z</time>
      </trkpt>
      <trkpt lat="50.712518" lon="7.08808">
        <time>2026-05-08T14:08:37.897000Z</time>
      </trkpt>
      <trkpt lat="50.712068" lon="7.087966">
        <time>2026-05-08T14:08:47.229000Z</time>
      </trkpt>
      <trkpt lat="50.711835" lon="7.087917">
        <time>2026-05-08T14:08:51.563000Z</time>
      </trkpt>
      <trkpt lat="50.711483" lon="7.088014">
        <time>2026-05-08T14:08:58.698000Z</time>
      </trkpt>
      <trkpt lat="50.711487" lon="7.088101">
        <time>2026-05-08T14:08:59.782000Z</time>
      </trkpt>
      <trkpt lat="50.711398" lon="7.088482">
        <time>2026-05-08T14:09:05.301000Z</time>
      </trkpt>
      <trkpt lat="50.711331" lon="7.088892">
        <time>2026-05-08T14:09:17.659000Z</time>
      </trkpt>
      <trkpt lat="50.7113" lon="7.089079">
        <time>2026-05-08T14:09:20.733000Z</time>
      </trkpt>
      <trkpt lat="50.711087" lon="7.08903">
        <time>2026-05-08T14:09:26.206000Z</time>
      </trkpt>
      <trkpt lat="50.710653" lon="7.088825">
        <time>2026-05-08T14:09:37.256000Z</time>
      </trkpt>
      <trkpt lat="50.71033" lon="7.089024">
        <time>2026-05-08T14:09:46.855000Z</time>
      </trkpt>
      <trkpt lat="50.71016" lon="7.088979">
        <time>2026-05-08T14:09:52.030000Z</time>
      </trkpt>
      <trkpt lat="50.710014" lon="7.088797">
        <time>2026-05-08T14:09:57.892000Z</time>
      </trkpt>
      <trkpt lat="50.709889" lon="7.088754">
        <time>2026-05-08T14:10:02.081000Z</time>
      </trkpt>
      <trkpt lat="50.709722" lon="7.088905">
        <time>2026-05-08T14:10:08.686000Z</time>
      </trkpt>
      <trkpt lat="50.7094" lon="7.089337">
        <time>2026-05-08T14:10:24.958000Z</time>
      </trkpt>
      <trkpt lat="50.709307" lon="7.089394">
        <time>2026-05-08T14:10:29.004000Z</time>
      </trkpt>
      <trkpt lat="50.709065" lon="7.089718">
        <time>2026-05-08T14:10:42.820000Z</time>
      </trkpt>
      <trkpt lat="50.709011" lon="7.089835">
        <time>2026-05-08T14:10:47.112000Z</time>
      </trkpt>
      <trkpt lat="50.70858" lon="7.091095">
        <time>2026-05-08T14:11:32.448000Z</time>
      </trkpt>
      <trkpt lat="50.70845" lon="7.091554">
        <time>2026-05-08T14:11:47.914000Z</time>
      </trkpt>
      <trkpt lat="50.70842" lon="7.091661">
        <time>2026-05-08T14:11:51.462000Z</time>
      </trkpt>
      <trkpt lat="50.708068" lon="7.091695">
        <time>2026-05-08T14:12:07.452000Z</time>
      </trkpt>
      <trkpt lat="50.707927" lon="7.091659">
        <time>2026-05-08T14:12:13.676000Z</time>
      </trkpt>
      <trkpt lat="50.706975" lon="7.091141">
        <time>2026-05-08T14:12:55.544000Z</time>
      </trkpt>
      <trkpt lat="50.706529" lon="7.090895">
        <time>2026-05-08T14:13:16.866000Z</time>
      </trkpt>
      <trkpt lat="50.706466" lon="7.09086">
        <time>2026-05-08T14:13:19.758000Z</time>
      </trkpt>
      <trkpt lat="50.705813" lon="7.090543">
        <time>2026-05-08T14:13:47.658000Z</time>
      </trkpt>
      <trkpt lat="50.705606" lon="7.090396">
        <time>2026-05-08T14:13:56.086000Z</time>
      </trkpt>
      <trkpt lat="50.705344" lon="7.090248">
        <time>2026-05-08T14:14:05.767000Z</time>
      </trkpt>
      <trkpt lat="50.704842" lon="7.090135">
        <time>2026-05-08T14:14:20.042000Z</time>
      </trkpt>
      <trkpt lat="50.704404" lon="7.09013">
        <time>2026-05-08T14:14:28.642000Z</time>
      </trkpt>
      <trkpt lat="50.704135" lon="7.090127">
        <time>2026-05-08T14:14:33.075000Z</time>
      </trkpt>
      <trkpt lat="50.703522" lon="7.090015">
        <time>2026-05-08T14:14:44.739000Z</time>
      </trkpt>
      <trkpt lat="50.703361" lon="7.09002">
        <time>2026-05-08T14:14:48.017000Z</time>
      </trkpt>
      <trkpt lat="50.703217" lon="7.090066">
        <time>2026-05-08T14:14:50.947000Z</time>
      </trkpt>
      <trkpt lat="50.70307" lon="7.090093">
        <time>2026-05-08T14:14:53.874000Z</time>
      </trkpt>
      <trkpt lat="50.70286" lon="7.090207">
        <time>2026-05-08T14:14:58.190000Z</time>
      </trkpt>
      <trkpt lat="50.702734" lon="7.090242">
        <time>2026-05-08T14:15:00.622000Z</time>
      </trkpt>
      <trkpt lat="50.702552" lon="7.090288">
        <time>2026-05-08T14:15:04.103000Z</time>
      </trkpt>
      <trkpt lat="50.702384" lon="7.090379">
        <time>2026-05-08T14:15:07.361000Z</time>
      </trkpt>
      <trkpt lat="50.702101" lon="7.090611">
        <time>2026-05-08T14:15:12.973000Z</time>
      </trkpt>
      <trkpt lat="50.701742" lon="7.090843">
        <time>2026-05-08T14:15:19.384000Z</time>
      </trkpt>
      <trkpt lat="50.701688" lon="7.090882">
        <time>2026-05-08T14:15:20.326000Z</time>
      </trkpt>
      <trkpt lat="50.701423" lon="7.09103">
        <time>2026-05-08T14:15:24.547000Z</time>
      </trkpt>
      <trkpt lat="50.701068" lon="7.091094">
        <time>2026-05-08T14:15:29.741000Z</time>
      </trkpt>
      <trkpt lat="50.700743" lon="7.091198">
        <time>2026-05-08T14:15:34.426000Z</time>
      </trkpt>
      <trkpt lat="50.700564" lon="7.091418">
        <time>2026-05-08T14:15:37.946000Z</time>
      </trkpt>
      <trkpt lat="50.700483" lon="7.09151">
        <time>2026-05-08T14:15:39.623000Z</time>
      </trkpt>
      <trkpt lat="50.700145" lon="7.091702">
        <time>2026-05-08T14:15:46.352000Z</time>
      </trkpt>
      <trkpt lat="50.700077" lon="7.091781">
        <time>2026-05-08T14:15:48.211000Z</time>
      </trkpt>
      <trkpt lat="50.699926" lon="7.09202">
        <time>2026-05-08T14:15:53.210000Z</time>
      </trkpt>
      <trkpt lat="50.699831" lon="7.092186">
        <time>2026-05-08T14:15:56.637000Z</time>
      </trkpt>
      <trkpt lat="50.699691" lon="7.092342">
        <time>2026-05-08T14:16:00.619000Z</time>
      </trkpt>
      <trkpt lat="50.699298" lon="7.092563">
        <time>2026-05-08T14:16:09.539000Z</time>
      </trkpt>
      <trkpt lat="50.699188" lon="7.092669">
        <time>2026-05-08T14:16:12.069000Z</time>
      </trkpt>
      <trkpt lat="50.69906" lon="7.093117">
        <time>2026-05-08T14:16:18.407000Z</time>
      </trkpt>
      <trkpt lat="50.699036" lon="7.0931">
        <time>2026-05-08T14:16:18.943000Z</time>
      </trkpt>
      <trkpt lat="50.69901" lon="7.093081">
        <time>2026-05-08T14:16:19.539000Z</time>
      </trkpt>
      <trkpt lat="50.698931" lon="7.093024">
        <time>2026-05-08T14:16:21.305000Z</time>
      </trkpt>
      <trkpt lat="50.69862" lon="7.092801">
        <time>2026-05-08T14:16:28.001000Z</time>
      </trkpt>
      <trkpt lat="50.698347" lon="7.092604">
        <time>2026-05-08T14:16:33.571000Z</time>
      </trkpt>
      <trkpt lat="50.697143" lon="7.091759">
        <time>2026-05-08T14:16:56.929000Z</time>
      </trkpt>
      <trkpt lat="50.696885" lon="7.091632">
        <time>2026-05-08T14:17:02.238000Z</time>
      </trkpt>
      <trkpt lat="50.696534" lon="7.091525">
        <time>2026-05-08T14:17:09.135000Z</time>
      </trkpt>
      <trkpt lat="50.695996" lon="7.091367">
        <time>2026-05-08T14:17:19.021000Z</time>
      </trkpt>
      <trkpt lat="50.695498" lon="7.090986">
        <time>2026-05-08T14:17:27.837000Z</time>
      </trkpt>
      <trkpt lat="50.694701" lon="7.090106">
        <time>2026-05-08T14:17:40.784000Z</time>
      </trkpt>
      <trkpt lat="50.694333" lon="7.089573">
        <time>2026-05-08T14:17:47.456000Z</time>
      </trkpt>
      <trkpt lat="50.694206" lon="7.089308">
        <time>2026-05-08T14:17:50.477000Z</time>
      </trkpt>
      <trkpt lat="50.694094" lon="7.088998">
        <time>2026-05-08T14:17:53.862000Z</time>
      </trkpt>
      <trkpt lat="50.694045" lon="7.088865">
        <time>2026-05-08T14:17:55.448000Z</time>
      </trkpt>
      <trkpt lat="50.693942" lon="7.088571">
        <time>2026-05-08T14:17:59.036000Z</time>
      </trkpt>
      <trkpt lat="50.693804" lon="7.088254">
        <time>2026-05-08T14:18:03.582000Z</time>
      </trkpt>
      <trkpt lat="50.693717" lon="7.088072">
        <time>2026-05-08T14:18:06.405000Z</time>
      </trkpt>
      <trkpt lat="50.693561" lon="7.087768">
        <time>2026-05-08T14:18:11.430000Z</time>
      </trkpt>
      <trkpt lat="50.693352" lon="7.087392">
        <time>2026-05-08T14:18:17.943000Z</time>
      </trkpt>
      <trkpt lat="50.693224" lon="7.087216">
        <time>2026-05-08T14:18:21.420000Z</time>
      </trkpt>
      <trkpt lat="50.693139" lon="7.087152">
        <time>2026-05-08T14:18:23.333000Z</time>
      </trkpt>
      <trkpt lat="50.69259" lon="7.086891">
        <time>2026-05-08T14:18:34.693000Z</time>
      </trkpt>
      <trkpt lat="50.691909" lon="7.086302">
        <time>2026-05-08T14:18:49.497000Z</time>
      </trkpt>
      <trkpt lat="50.691784" lon="7.086184">
        <time>2026-05-08T14:18:52.060000Z</time>
      </trkpt>
      <trkpt lat="50.691451" lon="7.085875">
        <time>2026-05-08T14:18:58.695000Z</time>
      </trkpt>
      <trkpt lat="50.691256" lon="7.085646">
        <time>2026-05-08T14:19:03.039000Z</time>
      </trkpt>
      <trkpt lat="50.69097" lon="7.085304">
        <time>2026-05-08T14:19:09.954000Z</time>
      </trkpt>
      <trkpt lat="50.690894" lon="7.085103">
        <time>2026-05-08T14:19:12.953000Z</time>
      </trkpt>
      <trkpt lat="50.690544" lon="7.085156">
        <time>2026-05-08T14:19:19.969000Z</time>
      </trkpt>
      <trkpt lat="50.689917" lon="7.085299">
        <time>2026-05-08T14:19:32.939000Z</time>
      </trkpt>
      <trkpt lat="50.689844" lon="7.085315">
        <time>2026-05-08T14:19:34.518000Z</time>
      </trkpt>
      <trkpt lat="50.68979" lon="7.085325">
        <time>2026-05-08T14:19:35.665000Z</time>
      </trkpt>
      <trkpt lat="50.689756" lon="7.085331">
        <time>2026-05-08T14:19:36.398000Z</time>
      </trkpt>
      <trkpt lat="50.68968" lon="7.085346">
        <time>2026-05-08T14:19:38.050000Z</time>
      </trkpt>
      <trkpt lat="50.689639" lon="7.085355">
        <time>2026-05-08T14:19:38.918000Z</time>
      </trkpt>
      <trkpt lat="50.688457" lon="7.08563">
        <time>2026-05-08T14:20:04.946000Z</time>
      </trkpt>
      <trkpt lat="50.688369" lon="7.085651">
        <time>2026-05-08T14:20:06.873000Z</time>
      </trkpt>
      <trkpt lat="50.688236" lon="7.085683">
        <time>2026-05-08T14:20:09.795000Z</time>
      </trkpt>
      <trkpt lat="50.68804" lon="7.085734">
        <time>2026-05-08T14:20:14.133000Z</time>
      </trkpt>
      <trkpt lat="50.687891" lon="7.085768">
        <time>2026-05-08T14:20:17.438000Z</time>
      </trkpt>
      <trkpt lat="50.687722" lon="7.085806">
        <time>2026-05-08T14:20:21.171000Z</time>
      </trkpt>
      <trkpt lat="50.686776" lon="7.086011">
        <time>2026-05-08T14:20:40.454000Z</time>
      </trkpt>
      <trkpt lat="50.685855" lon="7.086231">
        <time>2026-05-08T14:20:56.602000Z</time>
      </trkpt>
      <trkpt lat="50.682161" lon="7.08704">
        <time>2026-05-08T14:21:56.010000Z</time>
      </trkpt>
      <trkpt lat="50.681324" lon="7.087225">
        <time>2026-05-08T14:22:07.171000Z</time>
      </trkpt>
      <trkpt lat="50.680327" lon="7.087457">
        <time>2026-05-08T14:22:20.885000Z</time>
      </trkpt>
      <trkpt lat="50.677544" lon="7.088061">
        <time>2026-05-08T14:23:11.359000Z</time>
      </trkpt>
      <trkpt lat="50.674862" lon="7.08866">
        <time>2026-05-08T14:23:55.039000Z</time>
      </trkpt>
      <trkpt lat="50.674622" lon="7.088755">
        <time>2026-05-08T14:23:58.495000Z</time>
      </trkpt>
      <trkpt lat="50.673628" lon="7.089299">
        <time>2026-05-08T14:24:11.805000Z</time>
      </trkpt>
      <trkpt lat="50.671328" lon="7.091059">
        <time>2026-05-08T14:24:41.226000Z</time>
      </trkpt>
      <trkpt lat="50.66901" lon="7.084142">
        <time>2026-05-08T14:25:35.553000Z</time>
      </trkpt>
      <trkpt lat="50.668555" lon="7.082766">
        <time>2026-05-08T14:25:46.684000Z</time>
      </trkpt>
      <trkpt lat="50.668508" lon="7.082625">
        <time>2026-05-08T14:25:47.933000Z</time>
      </trkpt>
      <trkpt lat="50.66784" lon="7.080565">
        <time>2026-05-08T14:26:09.397000Z</time>
      </trkpt>
      <trkpt lat="50.666333" lon="7.075916">
        <time>2026-05-08T14:27:01.814000Z</time>
      </trkpt>
      <trkpt lat="50.662736" lon="7.077394">
        <time>2026-05-08T14:28:18.535000Z</time>
      </trkpt>
      <trkpt lat="50.659546" lon="7.07871">
        <time>2026-05-08T14:29:15.508000Z</time>
      </trkpt>
      <trkpt lat="50.659438" lon="7.078758">
        <time>2026-05-08T14:29:17.395000Z</time>
      </trkpt>
      <trkpt lat="50.656287" lon="7.080044">
        <time>2026-05-08T14:30:11.738000Z</time>
      </trkpt>
      <trkpt lat="50.651932" lon="7.081831">
        <time>2026-05-08T14:31:13.650000Z</time>
      </trkpt>
      <trkpt lat="50.650713" lon="7.082333">
        <time>2026-05-08T14:31:40.675000Z</time>
      </trkpt>
      <trkpt lat="50.65025" lon="7.082471">
        <time>2026-05-08T14:31:50.428000Z</time>
      </trkpt>
      <trkpt lat="50.650034" lon="7.082471">
        <time>2026-05-08T14:31:54.529000Z</time>
      </trkpt>
      <trkpt lat="50.648343" lon="7.081943">
        <time>2026-05-08T14:32:21.808000Z</time>
      </trkpt>
      <trkpt lat="50.647953" lon="7.081821">
        <time>2026-05-08T14:32:28.031000Z</time>
      </trkpt>
      <trkpt lat="50.647771" lon="7.081798">
        <time>2026-05-08T14:32:30.930000Z</time>
      </trkpt>
      <trkpt lat="50.646801" lon="7.081888">
        <time>2026-05-08T14:32:47.991000Z</time>
      </trkpt>
      <trkpt lat="50.646404" lon="7.082117">
        <time>2026-05-08T14:32:55.877000Z</time>
      </trkpt>
      <trkpt lat="50.646216" lon="7.082342">
        <time>2026-05-08T14:33:00.330000Z</time>
      </trkpt>
      <trkpt lat="50.646147" lon="7.082482">
        <time>2026-05-08T14:33:02.520000Z</time>
      </trkpt>
      <trkpt lat="50.645953" lon="7.082851">
        <time>2026-05-08T14:33:08.480000Z</time>
      </trkpt>
      <trkpt lat="50.645687" lon="7.083348">
        <time>2026-05-08T14:33:16.723000Z</time>
      </trkpt>
      <trkpt lat="50.64563" lon="7.083455">
        <time>2026-05-08T14:33:18.469000Z</time>
      </trkpt>
      <trkpt lat="50.64557" lon="7.083583">
        <time>2026-05-08T14:33:20.486000Z</time>
      </trkpt>
      <trkpt lat="50.645082" lon="7.084678">
        <time>2026-05-08T14:33:36.353000Z</time>
      </trkpt>
      <trkpt lat="50.644852" lon="7.085217">
        <time>2026-05-08T14:33:43.878000Z</time>
      </trkpt>
      <trkpt lat="50.644293" lon="7.086504">
        <time>2026-05-08T14:34:00.438000Z</time>
      </trkpt>
      <trkpt lat="50.644214" lon="7.086702">
        <time>2026-05-08T14:34:02.736000Z</time>
      </trkpt>
      <trkpt lat="50.643984" lon="7.087264">
        <time>2026-05-08T14:34:09.062000Z</time>
      </trkpt>
      <trkpt lat="50.643795" lon="7.087787">
        <time>2026-05-08T14:34:14.431000Z</time>
      </trkpt>
      <trkpt lat="50.643627" lon="7.08825">
        <time>2026-05-08T14:34:18.992000Z</time>
      </trkpt>
      <trkpt lat="50.644351" lon="7.08942">
        <time>2026-05-08T14:34:31.675000Z</time>
      </trkpt>
      <trkpt lat="50.644777" lon="7.090181">
        <time>2026-05-08T14:34:38.685000Z</time>
      </trkpt>
      <trkpt lat="50.644813" lon="7.090306">
        <time>2026-05-08T14:34:39.602000Z</time>
      </trkpt>
      <trkpt lat="50.645038" lon="7.091641">
        <time>2026-05-08T14:34:48.232000Z</time>
      </trkpt>
      <trkpt lat="50.645037" lon="7.091986">
        <time>2026-05-08T14:34:50.288000Z</time>
      </trkpt>
      <trkpt lat="50.644671" lon="7.09322">
        <time>2026-05-08T14:34:57.957000Z</time>
      </trkpt>
      <trkpt lat="50.644542" lon="7.093726">
        <time>2026-05-08T14:35:00.922000Z</time>
      </trkpt>
      <trkpt lat="50.644426" lon="7.094331">
        <time>2026-05-08T14:35:04.330000Z</time>
      </trkpt>
      <trkpt lat="50.644362" lon="7.094663">
        <time>2026-05-08T14:35:06.195000Z</time>
      </trkpt>
      <trkpt lat="50.644348" lon="7.094732">
        <time>2026-05-08T14:35:06.586000Z</time>
      </trkpt>
      <trkpt lat="50.644239" lon="7.094926">
        <time>2026-05-08T14:35:07.989000Z</time>
      </trkpt>
      <trkpt lat="50.643956" lon="7.09501">
        <time>2026-05-08T14:35:10.450000Z</time>
      </trkpt>
      <trkpt lat="50.643625" lon="7.095085">
        <time>2026-05-08T14:35:13.333000Z</time>
      </trkpt>
      <trkpt lat="50.643006" lon="7.095126">
        <time>2026-05-08T14:35:18.927000Z</time>
      </trkpt>
      <trkpt lat="50.64277" lon="7.09533">
        <time>2026-05-08T14:35:21.452000Z</time>
      </trkpt>
      <trkpt lat="50.642489" lon="7.095642">
        <time>2026-05-08T14:35:24.860000Z</time>
      </trkpt>
      <trkpt lat="50.642195" lon="7.095942">
        <time>2026-05-08T14:35:28.622000Z</time>
      </trkpt>
      <trkpt lat="50.642074" lon="7.095929">
        <time>2026-05-08T14:35:30.059000Z</time>
      </trkpt>
      <trkpt lat="50.641843" lon="7.095773">
        <time>2026-05-08T14:35:33.413000Z</time>
      </trkpt>
      <trkpt lat="50.641637" lon="7.095549">
        <time>2026-05-08T14:35:37.841000Z</time>
      </trkpt>
      <trkpt lat="50.641541" lon="7.095504">
        <time>2026-05-08T14:35:39.801000Z</time>
      </trkpt>
      <trkpt lat="50.641217" lon="7.09551">
        <time>2026-05-08T14:35:46.718000Z</time>
      </trkpt>
      <trkpt lat="50.640964" lon="7.095531">
        <time>2026-05-08T14:35:55.265000Z</time>
      </trkpt>
      <trkpt lat="50.640642" lon="7.095478">
        <time>2026-05-08T14:36:06.448000Z</time>
      </trkpt>
      <trkpt lat="50.640101" lon="7.095259">
        <time>2026-05-08T14:36:29.881000Z</time>
      </trkpt>
      <trkpt lat="50.639932" lon="7.0952">
        <time>2026-05-08T14:36:37.202000Z</time>
      </trkpt>
      <trkpt lat="50.639983" lon="7.095008">
        <time>2026-05-08T14:36:41.654000Z</time>
      </trkpt>
      <trkpt lat="50.639988" lon="7.09495">
        <time>2026-05-08T14:36:42.971000Z</time>
      </trkpt>
      <trkpt lat="50.639983" lon="7.095008">
        <time>2026-05-08T14:36:44.129000Z</time>
      </trkpt>
      <trkpt lat="50.639932" lon="7.0952">
        <time>2026-05-08T14:36:48.182000Z</time>
      </trkpt>
      <trkpt lat="50.639795" lon="7.095186">
        <time>2026-05-08T14:36:52.753000Z</time>
      </trkpt>
      <trkpt lat="50.639609" lon="7.09513">
        <time>2026-05-08T14:36:58.016000Z</time>
      </trkpt>
      <trkpt lat="50.639476" lon="7.095006">
        <time>2026-05-08T14:37:02.314000Z</time>
      </trkpt>
      <trkpt lat="50.639406" lon="7.094783">
        <time>2026-05-08T14:37:06.699000Z</time>
      </trkpt>
      <trkpt lat="50.639351" lon="7.09445">
        <time>2026-05-08T14:37:12.707000Z</time>
      </trkpt>
      <trkpt lat="50.639283" lon="7.093911">
        <time>2026-05-08T14:37:25.898000Z</time>
      </trkpt>
      <trkpt lat="50.639124" lon="7.093175">
        <time>2026-05-08T14:37:43.226000Z</time>
      </trkpt>
      <trkpt lat="50.639072" lon="7.093053">
        <time>2026-05-08T14:37:46.445000Z</time>
      </trkpt>
      <trkpt lat="50.639002" lon="7.092965">
        <time>2026-05-08T14:37:49.492000Z</time>
      </trkpt>
      <trkpt lat="50.638921" lon="7.092898">
        <time>2026-05-08T14:37:52.576000Z</time>
      </trkpt>
      <trkpt lat="50.638838" lon="7.092909">
        <time>2026-05-08T14:37:55.539000Z</time>
      </trkpt>
      <trkpt lat="50.63876" lon="7.092979">
        <time>2026-05-08T14:37:58.682000Z</time>
      </trkpt>
      <trkpt lat="50.638719" lon="7.093072">
        <time>2026-05-08T14:38:01.504000Z</time>
      </trkpt>
      <trkpt lat="50.638684" lon="7.093349">
        <time>2026-05-08T14:38:08.831000Z</time>
      </trkpt>
      <trkpt lat="50.638711" lon="7.093531">
        <time>2026-05-08T14:38:14.145000Z</time>
      </trkpt>
      <trkpt lat="50.638767" lon="7.093722">
        <time>2026-05-08T14:38:20.084000Z</time>
      </trkpt>
      <trkpt lat="50.638897" lon="7.094165">
        <time>2026-05-08T14:38:34.393000Z</time>
      </trkpt>
      <trkpt lat="50.638895" lon="7.094349">
        <time>2026-05-08T14:38:39.834000Z</time>
      </trkpt>
      <trkpt lat="50.638834" lon="7.094527">
        <time>2026-05-08T14:38:45.364000Z</time>
      </trkpt>
      <trkpt lat="50.638766" lon="7.094631">
        <time>2026-05-08T14:38:49.059000Z</time>
      </trkpt>
      <trkpt lat="50.638593" lon="7.094664">
        <time>2026-05-08T14:38:55.344000Z</time>
      </trkpt>
      <trkpt lat="50.638481" lon="7.09461">
        <time>2026-05-08T14:38:59.492000Z</time>
      </trkpt>
      <trkpt lat="50.638208" lon="7.094276">
        <time>2026-05-08T14:39:12.475000Z</time>
      </trkpt>
      <trkpt lat="50.63813" lon="7.094203">
        <time>2026-05-08T14:39:15.930000Z</time>
      </trkpt>
      <trkpt lat="50.638053" lon="7.094206">
        <time>2026-05-08T14:39:18.895000Z</time>
      </trkpt>
      <trkpt lat="50.637968" lon="7.093964">
        <time>2026-05-08T14:39:25.656000Z</time>
      </trkpt>
      <trkpt lat="50.637771" lon="7.093597">
        <time>2026-05-08T14:39:37.327000Z</time>
      </trkpt>
      <trkpt lat="50.637468" lon="7.093124">
        <time>2026-05-08T14:39:50.571000Z</time>
      </trkpt>
      <trkpt lat="50.63699" lon="7.092477">
        <time>2026-05-08T14:40:03.995000Z</time>
      </trkpt>
      <trkpt lat="50.636824" lon="7.092261">
        <time>2026-05-08T14:40:06.969000Z</time>
      </trkpt>
      <trkpt lat="50.636687" lon="7.092081">
        <time>2026-05-08T14:40:09.299000Z</time>
      </trkpt>
      <trkpt lat="50.636609" lon="7.091979">
        <time>2026-05-08T14:40:10.567000Z</time>
      </trkpt>
      <trkpt lat="50.636426" lon="7.091731">
        <time>2026-05-08T14:40:13.451000Z</time>
      </trkpt>
      <trkpt lat="50.636206" lon="7.09139">
        <time>2026-05-08T14:40:16.793000Z</time>
      </trkpt>
      <trkpt lat="50.636107" lon="7.091175">
        <time>2026-05-08T14:40:18.498000Z</time>
      </trkpt>
      <trkpt lat="50.635886" lon="7.0906">
        <time>2026-05-08T14:40:22.668000Z</time>
      </trkpt>
      <trkpt lat="50.635789" lon="7.090247">
        <time>2026-05-08T14:40:25.006000Z</time>
      </trkpt>
      <trkpt lat="50.635468" lon="7.088486">
        <time>2026-05-08T14:40:35.877000Z</time>
      </trkpt>
      <trkpt lat="50.635401" lon="7.088273">
        <time>2026-05-08T14:40:37.308000Z</time>
      </trkpt>
      <trkpt lat="50.635305" lon="7.088095">
        <time>2026-05-08T14:40:38.745000Z</time>
      </trkpt>
      <trkpt lat="50.635208" lon="7.088001">
        <time>2026-05-08T14:40:39.891000Z</time>
      </trkpt>
      <trkpt lat="50.63492" lon="7.087942">
        <time>2026-05-08T14:40:42.981000Z</time>
      </trkpt>
      <trkpt lat="50.63487" lon="7.087904">
        <time>2026-05-08T14:40:43.597000Z</time>
      </trkpt>
      <trkpt lat="50.634812" lon="7.087784">
        <time>2026-05-08T14:40:44.683000Z</time>
      </trkpt>
      <trkpt lat="50.634645" lon="7.087914">
        <time>2026-05-08T14:40:46.935000Z</time>
      </trkpt>
      <trkpt lat="50.634443" lon="7.088078">
        <time>2026-05-08T14:40:50.027000Z</time>
      </trkpt>
      <trkpt lat="50.634267" lon="7.088277">
        <time>2026-05-08T14:40:53.633000Z</time>
      </trkpt>
      <trkpt lat="50.634116" lon="7.088535">
        <time>2026-05-08T14:40:57.916000Z</time>
      </trkpt>
      <trkpt lat="50.63373" lon="7.08955">
        <time>2026-05-08T14:41:14.586000Z</time>
      </trkpt>
      <trkpt lat="50.63364" lon="7.089685">
        <time>2026-05-08T14:41:17.522000Z</time>
      </trkpt>
      <trkpt lat="50.633519" lon="7.089772">
        <time>2026-05-08T14:41:20.541000Z</time>
      </trkpt>
      <trkpt lat="50.633304" lon="7.089763">
        <time>2026-05-08T14:41:25.569000Z</time>
      </trkpt>
      <trkpt lat="50.633195" lon="7.089706">
        <time>2026-05-08T14:41:28.332000Z</time>
      </trkpt>
      <trkpt lat="50.632476" lon="7.089041">
        <time>2026-05-08T14:41:50.627000Z</time>
      </trkpt>
      <trkpt lat="50.632408" lon="7.088993">
        <time>2026-05-08T14:41:52.917000Z</time>
      </trkpt>
      <trkpt lat="50.632261" lon="7.08891">
        <time>2026-05-08T14:41:57.909000Z</time>
      </trkpt>
      <trkpt lat="50.631929" lon="7.088822">
        <time>2026-05-08T14:42:09.125000Z</time>
      </trkpt>
      <trkpt lat="50.627156" lon="7.087803">
        <time>2026-05-08T14:45:11.821000Z</time>
      </trkpt>
      <trkpt lat="50.626814" lon="7.087785">
        <time>2026-05-08T14:45:26.145000Z</time>
      </trkpt>
      <trkpt lat="50.626202" lon="7.087881">
        <time>2026-05-08T14:45:51.394000Z</time>
      </trkpt>
      <trkpt lat="50.623928" lon="7.08821">
        <time>2026-05-08T14:47:09.528000Z</time>
      </trkpt>
      <trkpt lat="50.621535" lon="7.08836">
        <time>2026-05-08T14:47:46.631000Z</time>
      </trkpt>
      <trkpt lat="50.620717" lon="7.088441">
        <time>2026-05-08T14:47:54.375000Z</time>
      </trkpt>
      <trkpt lat="50.619582" lon="7.088538">
        <time>2026-05-08T14:48:04.825000Z</time>
      </trkpt>
      <trkpt lat="50.61782" lon="7.088678">
        <time>2026-05-08T14:48:22.557000Z</time>
      </trkpt>
      <trkpt lat="50.617777" lon="7.087263">
        <time>2026-05-08T14:48:31.378000Z</time>
      </trkpt>
      <trkpt lat="50.617751" lon="7.086407">
        <time>2026-05-08T14:48:36.583000Z</time>
      </trkpt>
      <trkpt lat="50.617775" lon="7.086188">
        <time>2026-05-08T14:48:37.925000Z</time>
      </trkpt>
      <trkpt lat="50.617922" lon="7.0857">
        <time>2026-05-08T14:48:41.192000Z</time>
      </trkpt>
      <trkpt lat="50.617712" lon="7.085602">
        <time>2026-05-08T14:48:43.267000Z</time>
      </trkpt>
      <trkpt lat="50.617632" lon="7.085503">
        <time>2026-05-08T14:48:44.241000Z</time>
      </trkpt>
      <trkpt lat="50.617627" lon="7.085433">
        <time>2026-05-08T14:48:44.674000Z</time>
      </trkpt>
      <trkpt lat="50.617688" lon="7.085189">
        <time>2026-05-08T14:48:46.304000Z</time>
      </trkpt>
      <trkpt lat="50.617696" lon="7.085063">
        <time>2026-05-08T14:48:47.127000Z</time>
      </trkpt>
      <trkpt lat="50.617624" lon="7.084077">
        <time>2026-05-08T14:48:53.964000Z</time>
      </trkpt>
      <trkpt lat="50.617598" lon="7.083948">
        <time>2026-05-08T14:48:55.094000Z</time>
      </trkpt>
      <trkpt lat="50.617517" lon="7.083434">
        <time>2026-05-08T14:49:01.165000Z</time>
      </trkpt>
      <trkpt lat="50.617463" lon="7.083245">
        <time>2026-05-08T14:49:03.819000Z</time>
      </trkpt>
      <trkpt lat="50.61725" lon="7.082839">
        <time>2026-05-08T14:49:11.792000Z</time>
      </trkpt>
      <trkpt lat="50.617179" lon="7.082703">
        <time>2026-05-08T14:49:15.274000Z</time>
      </trkpt>
      <trkpt lat="50.617088" lon="7.082463">
        <time>2026-05-08T14:49:21.316000Z</time>
      </trkpt>
      <trkpt lat="50.617085" lon="7.082356">
        <time>2026-05-08T14:49:23.806000Z</time>
      </trkpt>
      <trkpt lat="50.617192" lon="7.08223">
        <time>2026-05-08T14:49:28.645000Z</time>
      </trkpt>
      <trkpt lat="50.617487" lon="7.082053">
        <time>2026-05-08T14:49:39.547000Z</time>
      </trkpt>
      <trkpt lat="50.617565" lon="7.081962">
        <time>2026-05-08T14:49:42.750000Z</time>
      </trkpt>
      <trkpt lat="50.617648" lon="7.081764">
        <time>2026-05-08T14:49:47.698000Z</time>
      </trkpt>
      <trkpt lat="50.617638" lon="7.081553">
        <time>2026-05-08T14:49:52.067000Z</time>
      </trkpt>
      <trkpt lat="50.617581" lon="7.081468">
        <time>2026-05-08T14:49:54.568000Z</time>
      </trkpt>
      <trkpt lat="50.617254" lon="7.081275">
        <time>2026-05-08T14:50:04.567000Z</time>
      </trkpt>
      <trkpt lat="50.617007" lon="7.081348">
        <time>2026-05-08T14:50:11.403000Z</time>
      </trkpt>
      <trkpt lat="50.616904" lon="7.081326">
        <time>2026-05-08T14:50:14.244000Z</time>
      </trkpt>
      <trkpt lat="50.616815" lon="7.081234">
        <time>2026-05-08T14:50:17.140000Z</time>
      </trkpt>
      <trkpt lat="50.616719" lon="7.081031">
        <time>2026-05-08T14:50:21.438000Z</time>
      </trkpt>
      <trkpt lat="50.616269" lon="7.079683">
        <time>2026-05-08T14:50:46.792000Z</time>
      </trkpt>
      <trkpt lat="50.615994" lon="7.078688">
        <time>2026-05-08T14:51:06.445000Z</time>
      </trkpt>
      <trkpt lat="50.615524" lon="7.077347">
        <time>2026-05-08T14:51:33.233000Z</time>
      </trkpt>
      <trkpt lat="50.615452" lon="7.077224">
        <time>2026-05-08T14:51:36.065000Z</time>
      </trkpt>
      <trkpt lat="50.612658" lon="7.074644">
        <time>2026-05-08T14:52:26.484000Z</time>
      </trkpt>
      <trkpt lat="50.612629" lon="7.074618">
        <time>2026-05-08T14:52:26.952000Z</time>
      </trkpt>
      <trkpt lat="50.612688" lon="7.074387">
        <time>2026-05-08T14:52:29.171000Z</time>
      </trkpt>
      <trkpt lat="50.612879" lon="7.073639">
        <time>2026-05-08T14:52:36.433000Z</time>
      </trkpt>
      <trkpt lat="50.61283" lon="7.073607">
        <time>2026-05-08T14:52:37.202000Z</time>
      </trkpt>
      <trkpt lat="50.610349" lon="7.071982">
        <time>2026-05-08T14:53:17.987000Z</time>
      </trkpt>
      <trkpt lat="50.610786" lon="7.070275">
        <time>2026-05-08T14:53:33.942000Z</time>
      </trkpt>
      <trkpt lat="50.610785" lon="7.07019">
        <time>2026-05-08T14:53:34.653000Z</time>
      </trkpt>
      <trkpt lat="50.610741" lon="7.070131">
        <time>2026-05-08T14:53:35.414000Z</time>
      </trkpt>
      <trkpt lat="50.610272" lon="7.069817">
        <time>2026-05-08T14:53:42.152000Z</time>
      </trkpt>
      <trkpt lat="50.610207" lon="7.069782">
        <time>2026-05-08T14:53:43.066000Z</time>
      </trkpt>
      <trkpt lat="50.608763" lon="7.062609">
        <time>2026-05-08T14:54:45.092000Z</time>
      </trkpt>
      <trkpt lat="50.608626" lon="7.062189">
        <time>2026-05-08T14:54:49.415000Z</time>
      </trkpt>
      <trkpt lat="50.607117" lon="7.061629">
        <time>2026-05-08T14:55:13.409000Z</time>
      </trkpt>
      <trkpt lat="50.60558" lon="7.061105">
        <time>2026-05-08T14:55:34.933000Z</time>
      </trkpt>
      <trkpt lat="50.604909" lon="7.060985">
        <time>2026-05-08T14:55:42.853000Z</time>
      </trkpt>
      <trkpt lat="50.60394" lon="7.061261">
        <time>2026-05-08T14:55:54.938000Z</time>
      </trkpt>
      <trkpt lat="50.602231" lon="7.061324">
        <time>2026-05-08T14:56:25.447000Z</time>
      </trkpt>
      <trkpt lat="50.600851" lon="7.061362">
        <time>2026-05-08T14:56:48.524000Z</time>
      </trkpt>
      <trkpt lat="50.600456" lon="7.061376">
        <time>2026-05-08T14:56:54.338000Z</time>
      </trkpt>
      <trkpt lat="50.599383" lon="7.061416">
        <time>2026-05-08T14:57:10.146000Z</time>
      </trkpt>
      <trkpt lat="50.598864" lon="7.06143">
        <time>2026-05-08T14:57:18.717000Z</time>
      </trkpt>
      <trkpt lat="50.597895" lon="7.061465">
        <time>2026-05-08T14:57:34.865000Z</time>
      </trkpt>
      <trkpt lat="50.597382" lon="7.061486">
        <time>2026-05-08T14:57:41.460000Z</time>
      </trkpt>
      <trkpt lat="50.597128" lon="7.061427">
        <time>2026-05-08T14:57:44.429000Z</time>
      </trkpt>
      <trkpt lat="50.59612" lon="7.060734">
        <time>2026-05-08T14:57:56.772000Z</time>
      </trkpt>
      <trkpt lat="50.596009" lon="7.060643">
        <time>2026-05-08T14:57:58.256000Z</time>
      </trkpt>
      <trkpt lat="50.595889" lon="7.060487">
        <time>2026-05-08T14:58:00.245000Z</time>
      </trkpt>
      <trkpt lat="50.595683" lon="7.060143">
        <time>2026-05-08T14:58:04.786000Z</time>
      </trkpt>
      <trkpt lat="50.595586" lon="7.059981">
        <time>2026-05-08T14:58:07.360000Z</time>
      </trkpt>
      <trkpt lat="50.595511" lon="7.059853">
        <time>2026-05-08T14:58:09.571000Z</time>
      </trkpt>
      <trkpt lat="50.595346" lon="7.059693">
        <time>2026-05-08T14:58:13.754000Z</time>
      </trkpt>
      <trkpt lat="50.595135" lon="7.059587">
        <time>2026-05-08T14:58:18.975000Z</time>
      </trkpt>
      <trkpt lat="50.594425" lon="7.059217">
        <time>2026-05-08T14:58:38.317000Z</time>
      </trkpt>
      <trkpt lat="50.59422" lon="7.05909">
        <time>2026-05-08T14:58:43.950000Z</time>
      </trkpt>
      <trkpt lat="50.594152" lon="7.059017">
        <time>2026-05-08T14:58:46.020000Z</time>
      </trkpt>
      <trkpt lat="50.59404" lon="7.058721">
        <time>2026-05-08T14:58:51.567000Z</time>
      </trkpt>
      <trkpt lat="50.594011" lon="7.05858">
        <time>2026-05-08T14:58:53.898000Z</time>
      </trkpt>
      <trkpt lat="50.593921" lon="7.058237">
        <time>2026-05-08T14:58:59.685000Z</time>
      </trkpt>
      <trkpt lat="50.593365" lon="7.056758">
        <time>2026-05-08T14:59:22.795000Z</time>
      </trkpt>
      <trkpt lat="50.592951" lon="7.055455">
        <time>2026-05-08T14:59:37.459000Z</time>
      </trkpt>
      <trkpt lat="50.592939" lon="7.055414">
        <time>2026-05-08T14:59:37.840000Z</time>
      </trkpt>
      <trkpt lat="50.592478" lon="7.053981">
        <time>2026-05-08T14:59:50.510000Z</time>
      </trkpt>
      <trkpt lat="50.592248" lon="7.053392">
        <time>2026-05-08T14:59:55.760000Z</time>
      </trkpt>
      <trkpt lat="50.591961" lon="7.052761">
        <time>2026-05-08T15:00:01.640000Z</time>
      </trkpt>
      <trkpt lat="50.591398" lon="7.051584">
        <time>2026-05-08T15:00:13.169000Z</time>
      </trkpt>
      <trkpt lat="50.591198" lon="7.051062">
        <time>2026-05-08T15:00:18.220000Z</time>
      </trkpt>
      <trkpt lat="50.591133" lon="7.050871">
        <time>2026-05-08T15:00:20.055000Z</time>
      </trkpt>
      <trkpt lat="50.590591" lon="7.049283">
        <time>2026-05-08T15:00:37.240000Z</time>
      </trkpt>
      <trkpt lat="50.590224" lon="7.048209">
        <time>2026-05-08T15:00:51.219000Z</time>
      </trkpt>
      <trkpt lat="50.589564" lon="7.04636">
        <time>2026-05-08T15:01:19.817000Z</time>
      </trkpt>
      <trkpt lat="50.589271" lon="7.04544">
        <time>2026-05-08T15:01:34.084000Z</time>
      </trkpt>
      <trkpt lat="50.589205" lon="7.044866">
        <time>2026-05-08T15:01:41.506000Z</time>
      </trkpt>
      <trkpt lat="50.589271" lon="7.044406">
        <time>2026-05-08T15:01:47.008000Z</time>
      </trkpt>
      <trkpt lat="50.589612" lon="7.043508">
        <time>2026-05-08T15:01:57.202000Z</time>
      </trkpt>
      <trkpt lat="50.590286" lon="7.042464">
        <time>2026-05-08T15:02:08.886000Z</time>
      </trkpt>
      <trkpt lat="50.590885" lon="7.041578">
        <time>2026-05-08T15:02:19.767000Z</time>
      </trkpt>
      <trkpt lat="50.592185" lon="7.039608">
        <time>2026-05-08T15:02:54.441000Z</time>
      </trkpt>
      <trkpt lat="50.59249" lon="7.039063">
        <time>2026-05-08T15:03:04.486000Z</time>
      </trkpt>
      <trkpt lat="50.592599" lon="7.038782">
        <time>2026-05-08T15:03:09.002000Z</time>
      </trkpt>
      <trkpt lat="50.592671" lon="7.03849">
        <time>2026-05-08T15:03:13.289000Z</time>
      </trkpt>
      <trkpt lat="50.592708" lon="7.038157">
        <time>2026-05-08T15:03:18.023000Z</time>
      </trkpt>
      <trkpt lat="50.592702" lon="7.037629">
        <time>2026-05-08T15:03:25.474000Z</time>
      </trkpt>
      <trkpt lat="50.592582" lon="7.036849">
        <time>2026-05-08T15:03:36.231000Z</time>
      </trkpt>
      <trkpt lat="50.592551" lon="7.036407">
        <time>2026-05-08T15:03:41.764000Z</time>
      </trkpt>
      <trkpt lat="50.592506" lon="7.036262">
        <time>2026-05-08T15:03:43.724000Z</time>
      </trkpt>
      <trkpt lat="50.592126" lon="7.036418">
        <time>2026-05-08T15:03:50.807000Z</time>
      </trkpt>
      <trkpt lat="50.590895" lon="7.03698">
        <time>2026-05-08T15:04:10.544000Z</time>
      </trkpt>
      <trkpt lat="50.589995" lon="7.037381">
        <time>2026-05-08T15:04:24.176000Z</time>
      </trkpt>
      <trkpt lat="50.589883" lon="7.037431">
        <time>2026-05-08T15:04:25.930000Z</time>
      </trkpt>
      <trkpt lat="50.588193" lon="7.038196">
        <time>2026-05-08T15:04:56.411000Z</time>
      </trkpt>
      <trkpt lat="50.587649" lon="7.038444">
        <time>2026-05-08T15:05:08.171000Z</time>
      </trkpt>
      <trkpt lat="50.587487" lon="7.038458">
        <time>2026-05-08T15:05:11.570000Z</time>
      </trkpt>
      <trkpt lat="50.58735" lon="7.038389">
        <time>2026-05-08T15:05:14.586000Z</time>
      </trkpt>
      <trkpt lat="50.58731" lon="7.038348">
        <time>2026-05-08T15:05:15.560000Z</time>
      </trkpt>
      <trkpt lat="50.587212" lon="7.038089">
        <time>2026-05-08T15:05:19.740000Z</time>
      </trkpt>
      <trkpt lat="50.587114" lon="7.03768">
        <time>2026-05-08T15:05:25.936000Z</time>
      </trkpt>
      <trkpt lat="50.586989" lon="7.037121">
        <time>2026-05-08T15:05:34.012000Z</time>
      </trkpt>
      <trkpt lat="50.586919" lon="7.036988">
        <time>2026-05-08T15:05:36.297000Z</time>
      </trkpt>
      <trkpt lat="50.586755" lon="7.036903">
        <time>2026-05-08T15:05:39.942000Z</time>
      </trkpt>
      <trkpt lat="50.586502" lon="7.036938">
        <time>2026-05-08T15:05:45.334000Z</time>
      </trkpt>
      <trkpt lat="50.586325" lon="7.036831">
        <time>2026-05-08T15:05:49.310000Z</time>
      </trkpt>
      <trkpt lat="50.586018" lon="7.036464">
        <time>2026-05-08T15:05:57.641000Z</time>
      </trkpt>
      <trkpt lat="50.585402" lon="7.03547">
        <time>2026-05-08T15:06:18.313000Z</time>
      </trkpt>
      <trkpt lat="50.585376" lon="7.035429">
        <time>2026-05-08T15:06:19.157000Z</time>
      </trkpt>
      <trkpt lat="50.585121" lon="7.035005">
        <time>2026-05-08T15:06:28.268000Z</time>
      </trkpt>
      <trkpt lat="50.58502" lon="7.034861">
        <time>2026-05-08T15:06:31.686000Z</time>
      </trkpt>
      <trkpt lat="50.584793" lon="7.034633">
        <time>2026-05-08T15:06:38.592000Z</time>
      </trkpt>
      <trkpt lat="50.584542" lon="7.034415">
        <time>2026-05-08T15:06:46.210000Z</time>
      </trkpt>
      <trkpt lat="50.584407" lon="7.034336">
        <time>2026-05-08T15:06:50.168000Z</time>
      </trkpt>
      <trkpt lat="50.583893" lon="7.03402">
        <time>2026-05-08T15:07:04.867000Z</time>
      </trkpt>
      <trkpt lat="50.58367" lon="7.033783">
        <time>2026-05-08T15:07:11.964000Z</time>
      </trkpt>
      <trkpt lat="50.583405" lon="7.033455">
        <time>2026-05-08T15:07:21.018000Z</time>
      </trkpt>
      <trkpt lat="50.583288" lon="7.033296">
        <time>2026-05-08T15:07:25.047000Z</time>
      </trkpt>
      <trkpt lat="50.583242" lon="7.033138">
        <time>2026-05-08T15:07:27.925000Z</time>
      </trkpt>
      <trkpt lat="50.583095" lon="7.032933">
        <time>2026-05-08T15:07:33.011000Z</time>
      </trkpt>
      <trkpt lat="50.582837" lon="7.032715">
        <time>2026-05-08T15:07:40.439000Z</time>
      </trkpt>
      <trkpt lat="50.582521" lon="7.03242">
        <time>2026-05-08T15:07:49.250000Z</time>
      </trkpt>
      <trkpt lat="50.582406" lon="7.032278">
        <time>2026-05-08T15:07:52.595000Z</time>
      </trkpt>
      <trkpt lat="50.582194" lon="7.032178">
        <time>2026-05-08T15:07:57.560000Z</time>
      </trkpt>
      <trkpt lat="50.582039" lon="7.032089">
        <time>2026-05-08T15:08:01.273000Z</time>
      </trkpt>
      <trkpt lat="50.581796" lon="7.032009">
        <time>2026-05-08T15:08:06.757000Z</time>
      </trkpt>
      <trkpt lat="50.581741" lon="7.031997">
        <time>2026-05-08T15:08:07.992000Z</time>
      </trkpt>
      <trkpt lat="50.581698" lon="7.031989">
        <time>2026-05-08T15:08:08.942000Z</time>
      </trkpt>
      <trkpt lat="50.581406" lon="7.031937">
        <time>2026-05-08T15:08:15.312000Z</time>
      </trkpt>
      <trkpt lat="50.581157" lon="7.031979">
        <time>2026-05-08T15:08:20.771000Z</time>
      </trkpt>
      <trkpt lat="50.581093" lon="7.031989">
        <time>2026-05-08T15:08:22.139000Z</time>
      </trkpt>
      <trkpt lat="50.580747" lon="7.032072">
        <time>2026-05-08T15:08:29.535000Z</time>
      </trkpt>
      <trkpt lat="50.580658" lon="7.032097">
        <time>2026-05-08T15:08:31.516000Z</time>
      </trkpt>
      <trkpt lat="50.580415" lon="7.032172">
        <time>2026-05-08T15:08:37.041000Z</time>
      </trkpt>
      <trkpt lat="50.580115" lon="7.03225">
        <time>2026-05-08T15:08:43.975000Z</time>
      </trkpt>
      <trkpt lat="50.579724" lon="7.032363">
        <time>2026-05-08T15:08:53.461000Z</time>
      </trkpt>
      <trkpt lat="50.579517" lon="7.032417">
        <time>2026-05-08T15:08:58.705000Z</time>
      </trkpt>
      <trkpt lat="50.578795" lon="7.032602">
        <time>2026-05-08T15:09:17.247000Z</time>
      </trkpt>
      <trkpt lat="50.578566" lon="7.032621">
        <time>2026-05-08T15:09:23.196000Z</time>
      </trkpt>
      <trkpt lat="50.578334" lon="7.032594">
        <time>2026-05-08T15:09:29.209000Z</time>
      </trkpt>
      <trkpt lat="50.577969" lon="7.032478">
        <time>2026-05-08T15:09:38.732000Z</time>
      </trkpt>
      <trkpt lat="50.577836" lon="7.03243">
        <time>2026-05-08T15:09:42.216000Z</time>
      </trkpt>
      <trkpt lat="50.576443" lon="7.031946">
        <time>2026-05-08T15:10:23.195000Z</time>
      </trkpt>
      <trkpt lat="50.576121" lon="7.031759">
        <time>2026-05-08T15:10:35.230000Z</time>
      </trkpt>
      <trkpt lat="50.575677" lon="7.031384">
        <time>2026-05-08T15:10:54.218000Z</time>
      </trkpt>
      <trkpt lat="50.573955" lon="7.029748">
        <time>2026-05-08T15:12:13.797000Z</time>
      </trkpt>
      <trkpt lat="50.573522" lon="7.029335">
        <time>2026-05-08T15:12:32.584000Z</time>
      </trkpt>
      <trkpt lat="50.573393" lon="7.029278">
        <time>2026-05-08T15:12:37.373000Z</time>
      </trkpt>
      <trkpt lat="50.573266" lon="7.029285">
        <time>2026-05-08T15:12:41.913000Z</time>
      </trkpt>
      <trkpt lat="50.57314" lon="7.029344">
        <time>2026-05-08T15:12:46.541000Z</time>
      </trkpt>
      <trkpt lat="50.572903" lon="7.029608">
        <time>2026-05-08T15:12:56.608000Z</time>
      </trkpt>
      <trkpt lat="50.572783" lon="7.029665">
        <time>2026-05-08T15:13:00.814000Z</time>
      </trkpt>
      <trkpt lat="50.572654" lon="7.029674">
        <time>2026-05-08T15:13:05.034000Z</time>
      </trkpt>
      <trkpt lat="50.57252" lon="7.029621">
        <time>2026-05-08T15:13:09.390000Z</time>
      </trkpt>
      <trkpt lat="50.572385" lon="7.02952">
        <time>2026-05-08T15:13:14.010000Z</time>
      </trkpt>
      <trkpt lat="50.572028" lon="7.029132">
        <time>2026-05-08T15:13:27.601000Z</time>
      </trkpt>
      <trkpt lat="50.571942" lon="7.0291">
        <time>2026-05-08T15:13:30.395000Z</time>
      </trkpt>
      <trkpt lat="50.571849" lon="7.02911">
        <time>2026-05-08T15:13:33.375000Z</time>
      </trkpt>
      <trkpt lat="50.571765" lon="7.029182">
        <time>2026-05-08T15:13:36.377000Z</time>
      </trkpt>
      <trkpt lat="50.57166" lon="7.02939">
        <time>2026-05-08T15:13:41.640000Z</time>
      </trkpt>
      <trkpt lat="50.5716" lon="7.029439">
        <time>2026-05-08T15:13:43.709000Z</time>
      </trkpt>
      <trkpt lat="50.571539" lon="7.029432">
        <time>2026-05-08T15:13:45.586000Z</time>
      </trkpt>
      <trkpt lat="50.571406" lon="7.029303">
        <time>2026-05-08T15:13:50.307000Z</time>
      </trkpt>
      <trkpt lat="50.571304" lon="7.029476">
        <time>2026-05-08T15:13:54.743000Z</time>
      </trkpt>
      <trkpt lat="50.571025" lon="7.029947">
        <time>2026-05-08T15:14:06.757000Z</time>
      </trkpt>
      <trkpt lat="50.570519" lon="7.030803">
        <time>2026-05-08T15:14:28.443000Z</time>
      </trkpt>
      <trkpt lat="50.570021" lon="7.031586">
        <time>2026-05-08T15:14:46.205000Z</time>
      </trkpt>
      <trkpt lat="50.569599" lon="7.032229">
        <time>2026-05-08T15:14:59.099000Z</time>
      </trkpt>
      <trkpt lat="50.569399" lon="7.032545">
        <time>2026-05-08T15:15:04.684000Z</time>
      </trkpt>
      <trkpt lat="50.569328" lon="7.032659">
        <time>2026-05-08T15:15:06.602000Z</time>
      </trkpt>
      <trkpt lat="50.569094" lon="7.032993">
        <time>2026-05-08T15:15:12.051000Z</time>
      </trkpt>
      <trkpt lat="50.568257" lon="7.03366">
        <time>2026-05-08T15:15:25.895000Z</time>
      </trkpt>
      <trkpt lat="50.568142" lon="7.033683">
        <time>2026-05-08T15:15:27.488000Z</time>
      </trkpt>
      <trkpt lat="50.568127" lon="7.033747">
        <time>2026-05-08T15:15:28.071000Z</time>
      </trkpt>
      <trkpt lat="50.567746" lon="7.034082">
        <time>2026-05-08T15:15:33.899000Z</time>
      </trkpt>
      <trkpt lat="50.567645" lon="7.034212">
        <time>2026-05-08T15:15:35.564000Z</time>
      </trkpt>
      <trkpt lat="50.565907" lon="7.036582">
        <time>2026-05-08T15:16:04.616000Z</time>
      </trkpt>
      <trkpt lat="50.564986" lon="7.037442">
        <time>2026-05-08T15:16:18.819000Z</time>
      </trkpt>
      <trkpt lat="50.565033" lon="7.038508">
        <time>2026-05-08T15:16:26.931000Z</time>
      </trkpt>
      <trkpt lat="50.56501" lon="7.038664">
        <time>2026-05-08T15:16:28.086000Z</time>
      </trkpt>
      <trkpt lat="50.564934" lon="7.038787">
        <time>2026-05-08T15:16:29.293000Z</time>
      </trkpt>
      <trkpt lat="50.562333" lon="7.038564">
        <time>2026-05-08T15:17:01.125000Z</time>
      </trkpt>
      <trkpt lat="50.561009" lon="7.038442">
        <time>2026-05-08T15:17:17.683000Z</time>
      </trkpt>
      <trkpt lat="50.558616" lon="7.03823">
        <time>2026-05-08T15:17:45.571000Z</time>
      </trkpt>
      <trkpt lat="50.556824" lon="7.039328">
        <time>2026-05-08T15:18:07.753000Z</time>
      </trkpt>
      <trkpt lat="50.553862" lon="7.041078">
        <time>2026-05-08T15:18:40.967000Z</time>
      </trkpt>
      <trkpt lat="50.553748" lon="7.041154">
        <time>2026-05-08T15:18:42.273000Z</time>
      </trkpt>
      <trkpt lat="50.552796" lon="7.041971">
        <time>2026-05-08T15:18:53.540000Z</time>
      </trkpt>
      <trkpt lat="50.551765" lon="7.042762">
        <time>2026-05-08T15:19:04.991000Z</time>
      </trkpt>
      <trkpt lat="50.550441" lon="7.043836">
        <time>2026-05-08T15:19:19.934000Z</time>
      </trkpt>
      <trkpt lat="50.549808" lon="7.044351">
        <time>2026-05-08T15:19:31.659000Z</time>
      </trkpt>
      <trkpt lat="50.549649" lon="7.044471">
        <time>2026-05-08T15:19:36.107000Z</time>
      </trkpt>
      <trkpt lat="50.549509" lon="7.044581">
        <time>2026-05-08T15:19:41.503000Z</time>
      </trkpt>
      <trkpt lat="50.548749" lon="7.0452">
        <time>2026-05-08T15:20:12.435000Z</time>
      </trkpt>
      <trkpt lat="50.548641" lon="7.045322">
        <time>2026-05-08T15:20:17.844000Z</time>
      </trkpt>
      <trkpt lat="50.547498" lon="7.047104">
        <time>2026-05-08T15:21:20.778000Z</time>
      </trkpt>
      <trkpt lat="50.547363" lon="7.047314">
        <time>2026-05-08T15:21:25.960000Z</time>
      </trkpt>
      <trkpt lat="50.547163" lon="7.048043">
        <time>2026-05-08T15:21:36.676000Z</time>
      </trkpt>
      <trkpt lat="50.547004" lon="7.048459">
        <time>2026-05-08T15:21:41.426000Z</time>
      </trkpt>
      <trkpt lat="50.546433" lon="7.049396">
        <time>2026-05-08T15:21:50.890000Z</time>
      </trkpt>
      <trkpt lat="50.546258" lon="7.049622">
        <time>2026-05-08T15:21:53.409000Z</time>
      </trkpt>
      <trkpt lat="50.545689" lon="7.050211">
        <time>2026-05-08T15:22:00.733000Z</time>
      </trkpt>
      <trkpt lat="50.545545" lon="7.050438">
        <time>2026-05-08T15:22:02.876000Z</time>
      </trkpt>
      <trkpt lat="50.545496" lon="7.050641">
        <time>2026-05-08T15:22:04.301000Z</time>
      </trkpt>
      <trkpt lat="50.545421" lon="7.051961">
        <time>2026-05-08T15:22:12.421000Z</time>
      </trkpt>
      <trkpt lat="50.545426" lon="7.052074">
        <time>2026-05-08T15:22:13.092000Z</time>
      </trkpt>
      <trkpt lat="50.545486" lon="7.052326">
        <time>2026-05-08T15:22:14.665000Z</time>
      </trkpt>
      <trkpt lat="50.545586" lon="7.052605">
        <time>2026-05-08T15:22:16.517000Z</time>
      </trkpt>
      <trkpt lat="50.545699" lon="7.053001">
        <time>2026-05-08T15:22:19.011000Z</time>
      </trkpt>
      <trkpt lat="50.545832" lon="7.053729">
        <time>2026-05-08T15:22:23.283000Z</time>
      </trkpt>
      <trkpt lat="50.545931" lon="7.054496">
        <time>2026-05-08T15:22:27.663000Z</time>
      </trkpt>
      <trkpt lat="50.545933" lon="7.054831">
        <time>2026-05-08T15:22:29.555000Z</time>
      </trkpt>
      <trkpt lat="50.545878" lon="7.05536">
        <time>2026-05-08T15:22:32.585000Z</time>
      </trkpt>
      <trkpt lat="50.545824" lon="7.055969">
        <time>2026-05-08T15:22:36.083000Z</time>
      </trkpt>
      <trkpt lat="50.545814" lon="7.056447">
        <time>2026-05-08T15:22:38.793000Z</time>
      </trkpt>
      <trkpt lat="50.545884" lon="7.057524">
        <time>2026-05-08T15:22:44.866000Z</time>
      </trkpt>
      <trkpt lat="50.546074" lon="7.058549">
        <time>2026-05-08T15:22:50.694000Z</time>
      </trkpt>
      <trkpt lat="50.546563" lon="7.060475">
        <time>2026-05-08T15:23:01.775000Z</time>
      </trkpt>
      <trkpt lat="50.546478" lon="7.060947">
        <time>2026-05-08T15:23:04.411000Z</time>
      </trkpt>
      <trkpt lat="50.546226" lon="7.061828">
        <time>2026-05-08T15:23:09.709000Z</time>
      </trkpt>
      <trkpt lat="50.546013" lon="7.062528">
        <time>2026-05-08T15:23:14.135000Z</time>
      </trkpt>
      <trkpt lat="50.545839" lon="7.062809">
        <time>2026-05-08T15:23:16.437000Z</time>
      </trkpt>
      <trkpt lat="50.545143" lon="7.063335">
        <time>2026-05-08T15:23:23.858000Z</time>
      </trkpt>
      <trkpt lat="50.544135" lon="7.063884">
        <time>2026-05-08T15:23:36.105000Z</time>
      </trkpt>
      <trkpt lat="50.543936" lon="7.063905">
        <time>2026-05-08T15:23:39.924000Z</time>
      </trkpt>
      <trkpt lat="50.543756" lon="7.063858">
        <time>2026-05-08T15:23:44.074000Z</time>
      </trkpt>
      <trkpt lat="50.543658" lon="7.063902">
        <time>2026-05-08T15:23:46.824000Z</time>
      </trkpt>
      <trkpt lat="50.54291" lon="7.064956">
        <time>2026-05-08T15:24:12.620000Z</time>
      </trkpt>
      <trkpt lat="50.542806" lon="7.065034">
        <time>2026-05-08T15:24:15.388000Z</time>
      </trkpt>
      <trkpt lat="50.542709" lon="7.065017">
        <time>2026-05-08T15:24:17.555000Z</time>
      </trkpt>
      <trkpt lat="50.542609" lon="7.064872">
        <time>2026-05-08T15:24:20.291000Z</time>
      </trkpt>
      <trkpt lat="50.542205" lon="7.064309">
        <time>2026-05-08T15:24:27.244000Z</time>
      </trkpt>
      <trkpt lat="50.541739" lon="7.063839">
        <time>2026-05-08T15:24:32.403000Z</time>
      </trkpt>
      <trkpt lat="50.541594" lon="7.063643">
        <time>2026-05-08T15:24:34.203000Z</time>
      </trkpt>
      <trkpt lat="50.541406" lon="7.063332">
        <time>2026-05-08T15:24:36.779000Z</time>
      </trkpt>
      <trkpt lat="50.541164" lon="7.062836">
        <time>2026-05-08T15:24:40.438000Z</time>
      </trkpt>
      <trkpt lat="50.540991" lon="7.062536">
        <time>2026-05-08T15:24:42.745000Z</time>
      </trkpt>
      <trkpt lat="50.540718" lon="7.062185">
        <time>2026-05-08T15:24:45.865000Z</time>
      </trkpt>
      <trkpt lat="50.540431" lon="7.061864">
        <time>2026-05-08T15:24:49.114000Z</time>
      </trkpt>
      <trkpt lat="50.540161" lon="7.061416">
        <time>2026-05-08T15:24:52.988000Z</time>
      </trkpt>
      <trkpt lat="50.539978" lon="7.061285">
        <time>2026-05-08T15:24:55.235000Z</time>
      </trkpt>
      <trkpt lat="50.539979" lon="7.061221">
        <time>2026-05-08T15:24:55.719000Z</time>
      </trkpt>
      <trkpt lat="50.539941" lon="7.061148">
        <time>2026-05-08T15:24:56.350000Z</time>
      </trkpt>
      <trkpt lat="50.53988" lon="7.061144">
        <time>2026-05-08T15:24:57.548000Z</time>
      </trkpt>
      <trkpt lat="50.539848" lon="7.061184">
        <time>2026-05-08T15:24:58.156000Z</time>
      </trkpt>
      <trkpt lat="50.539746" lon="7.061128">
        <time>2026-05-08T15:24:59.826000Z</time>
      </trkpt>
      <trkpt lat="50.539347" lon="7.060983">
        <time>2026-05-08T15:25:08.741000Z</time>
      </trkpt>
      <trkpt lat="50.539265" lon="7.060962">
        <time>2026-05-08T15:25:11.534000Z</time>
      </trkpt>
      <trkpt lat="50.539369" lon="7.061318">
        <time>2026-05-08T15:25:19.383000Z</time>
      </trkpt>
      <trkpt lat="50.539363" lon="7.061413">
        <time>2026-05-08T15:25:21.577000Z</time>
      </trkpt>
      <trkpt lat="50.539298" lon="7.061442">
        <time>2026-05-08T15:25:23.535000Z</time>
      </trkpt>
      <trkpt lat="50.539254" lon="7.061406">
        <time>2026-05-08T15:25:25.639000Z</time>
      </trkpt>
      <trkpt lat="50.539063" lon="7.061086">
        <time>2026-05-08T15:25:35.448000Z</time>
      </trkpt>
      <trkpt lat="50.538918" lon="7.060959">
        <time>2026-05-08T15:25:40.642000Z</time>
      </trkpt>
      <trkpt lat="50.538848" lon="7.060937">
        <time>2026-05-08T15:25:42.708000Z</time>
      </trkpt>
      <trkpt lat="50.538253" lon="7.060463">
        <time>2026-05-08T15:25:54.138000Z</time>
      </trkpt>
      <trkpt lat="50.537218" lon="7.059838">
        <time>2026-05-08T15:26:05.261000Z</time>
      </trkpt>
      <trkpt lat="50.537112" lon="7.059822">
        <time>2026-05-08T15:26:07.077000Z</time>
      </trkpt>
      <trkpt lat="50.53706" lon="7.059896">
        <time>2026-05-08T15:26:08.627000Z</time>
      </trkpt>
      <trkpt lat="50.536922" lon="7.060017">
        <time>2026-05-08T15:26:13.055000Z</time>
      </trkpt>
      <trkpt lat="50.536521" lon="7.060669">
        <time>2026-05-08T15:26:39.192000Z</time>
      </trkpt>
      <trkpt lat="50.536387" lon="7.060932">
        <time>2026-05-08T15:26:51.474000Z</time>
      </trkpt>
      <trkpt lat="50.536078" lon="7.061288">
        <time>2026-05-08T15:27:14.050000Z</time>
      </trkpt>
      <trkpt lat="50.535895" lon="7.061603">
        <time>2026-05-08T15:27:27.466000Z</time>
      </trkpt>
      <trkpt lat="50.535756" lon="7.061733">
        <time>2026-05-08T15:27:33.097000Z</time>
      </trkpt>
      <trkpt lat="50.535697" lon="7.061745">
        <time>2026-05-08T15:27:34.623000Z</time>
      </trkpt>
      <trkpt lat="50.535476" lon="7.061653">
        <time>2026-05-08T15:27:38.776000Z</time>
      </trkpt>
      <trkpt lat="50.535167" lon="7.06166">
        <time>2026-05-08T15:27:43.768000Z</time>
      </trkpt>
      <trkpt lat="50.534801" lon="7.061365">
        <time>2026-05-08T15:27:52.994000Z</time>
      </trkpt>
      <trkpt lat="50.534496" lon="7.061462">
        <time>2026-05-08T15:28:03.189000Z</time>
      </trkpt>
      <trkpt lat="50.534442" lon="7.061512">
        <time>2026-05-08T15:28:05.529000Z</time>
      </trkpt>
      <trkpt lat="50.534737" lon="7.06195">
        <time>2026-05-08T15:28:29.904000Z</time>
      </trkpt>
      <trkpt lat="50.535004" lon="7.062233">
        <time>2026-05-08T15:28:56.018000Z</time>
      </trkpt>
      <trkpt lat="50.535053" lon="7.062285">
        <time>2026-05-08T15:29:01.449000Z</time>
      </trkpt>
      <trkpt lat="50.535435" lon="7.063026">
        <time>2026-05-08T15:30:07.046000Z</time>
      </trkpt>
      <trkpt lat="50.535502" lon="7.063124">
        <time>2026-05-08T15:30:16.341000Z</time>
      </trkpt>
      <trkpt lat="50.535811" lon="7.064349">
        <time>2026-05-08T15:31:23.030000Z</time>
      </trkpt>
      <trkpt lat="50.536508" lon="7.066732">
        <time>2026-05-08T15:32:13.762000Z</time>
      </trkpt>
      <trkpt lat="50.536622" lon="7.067203">
        <time>2026-05-08T15:32:18.070000Z</time>
      </trkpt>
      <trkpt lat="50.536589" lon="7.068562">
        <time>2026-05-08T15:32:28.835000Z</time>
      </trkpt>
      <trkpt lat="50.536629" lon="7.068935">
        <time>2026-05-08T15:32:30.896000Z</time>
      </trkpt>
      <trkpt lat="50.536731" lon="7.069517">
        <time>2026-05-08T15:32:34.220000Z</time>
      </trkpt>
      <trkpt lat="50.536783" lon="7.070029">
        <time>2026-05-08T15:32:37.154000Z</time>
      </trkpt>
      <trkpt lat="50.536792" lon="7.070116">
        <time>2026-05-08T15:32:37.666000Z</time>
      </trkpt>
      <trkpt lat="50.536973" lon="7.070511">
        <time>2026-05-08T15:32:40.558000Z</time>
      </trkpt>
      <trkpt lat="50.537127" lon="7.07095">
        <time>2026-05-08T15:32:43.679000Z</time>
      </trkpt>
      <trkpt lat="50.537299" lon="7.071547">
        <time>2026-05-08T15:32:48.338000Z</time>
      </trkpt>
      <trkpt lat="50.537385" lon="7.072063">
        <time>2026-05-08T15:32:53.795000Z</time>
      </trkpt>
      <trkpt lat="50.537403" lon="7.07234">
        <time>2026-05-08T15:32:57.275000Z</time>
      </trkpt>
      <trkpt lat="50.537388" lon="7.072634">
        <time>2026-05-08T15:33:01.396000Z</time>
      </trkpt>
      <trkpt lat="50.53726" lon="7.073333">
        <time>2026-05-08T15:33:13.707000Z</time>
      </trkpt>
      <trkpt lat="50.537142" lon="7.073627">
        <time>2026-05-08T15:33:20.839000Z</time>
      </trkpt>
      <trkpt lat="50.536632" lon="7.074645">
        <time>2026-05-08T15:33:53.999000Z</time>
      </trkpt>
      <trkpt lat="50.536292" lon="7.075107">
        <time>2026-05-08T15:34:09.725000Z</time>
      </trkpt>
      <trkpt lat="50.536173" lon="7.075459">
        <time>2026-05-08T15:34:15.209000Z</time>
      </trkpt>
      <trkpt lat="50.536162" lon="7.075812">
        <time>2026-05-08T15:34:17.907000Z</time>
      </trkpt>
      <trkpt lat="50.536181" lon="7.076021">
        <time>2026-05-08T15:34:19.303000Z</time>
      </trkpt>
      <trkpt lat="50.536185" lon="7.076129">
        <time>2026-05-08T15:34:20.006000Z</time>
      </trkpt>
      <trkpt lat="50.536212" lon="7.076977">
        <time>2026-05-08T15:34:24.918000Z</time>
      </trkpt>
      <trkpt lat="50.536241" lon="7.077591">
        <time>2026-05-08T15:34:28.259000Z</time>
      </trkpt>
      <trkpt lat="50.536205" lon="7.078008">
        <time>2026-05-08T15:34:30.508000Z</time>
      </trkpt>
      <trkpt lat="50.536133" lon="7.078599">
        <time>2026-05-08T15:34:33.712000Z</time>
      </trkpt>
      <trkpt lat="50.536145" lon="7.078766">
        <time>2026-05-08T15:34:34.606000Z</time>
      </trkpt>
      <trkpt lat="50.536168" lon="7.078934">
        <time>2026-05-08T15:34:35.521000Z</time>
      </trkpt>
      <trkpt lat="50.536327" lon="7.079525">
        <time>2026-05-08T15:34:38.932000Z</time>
      </trkpt>
      <trkpt lat="50.536399" lon="7.08009">
        <time>2026-05-08T15:34:41.974000Z</time>
      </trkpt>
      <trkpt lat="50.536646" lon="7.080955">
        <time>2026-05-08T15:34:46.953000Z</time>
      </trkpt>
      <trkpt lat="50.537134" lon="7.082137">
        <time>2026-05-08T15:34:54.441000Z</time>
      </trkpt>
      <trkpt lat="50.537203" lon="7.082245">
        <time>2026-05-08T15:34:55.318000Z</time>
      </trkpt>
      <trkpt lat="50.537541" lon="7.082555">
        <time>2026-05-08T15:34:59.122000Z</time>
      </trkpt>
      <trkpt lat="50.537789" lon="7.082526">
        <time>2026-05-08T15:35:02.630000Z</time>
      </trkpt>
      <trkpt lat="50.53818" lon="7.082288">
        <time>2026-05-08T15:35:10.752000Z</time>
      </trkpt>
      <trkpt lat="50.538291" lon="7.082179">
        <time>2026-05-08T15:35:13.533000Z</time>
      </trkpt>
      <trkpt lat="50.53863" lon="7.081985">
        <time>2026-05-08T15:35:21.874000Z</time>
      </trkpt>
      <trkpt lat="50.538696" lon="7.081907">
        <time>2026-05-08T15:35:24.250000Z</time>
      </trkpt>
      <trkpt lat="50.538729" lon="7.081818">
        <time>2026-05-08T15:35:25.219000Z</time>
      </trkpt>
      <trkpt lat="50.539021" lon="7.081692">
        <time>2026-05-08T15:35:30.098000Z</time>
      </trkpt>
      <trkpt lat="50.539021" lon="7.081692">
        <time>2026-05-08T15:35:30.134000Z</time>
      </trkpt>
      <trkpt lat="50.539021" lon="7.081692">
        <time>2026-05-08T15:35:30.134000Z</time>
      </trkpt>
      <trkpt lat="50.539021" lon="7.08169">
        <time>2026-05-08T15:35:30.157000Z</time>
      </trkpt>
      <trkpt lat="50.539102" lon="7.081628">
        <time>2026-05-08T15:35:31.827000Z</time>
      </trkpt>
      <trkpt lat="50.539238" lon="7.081469">
        <time>2026-05-08T15:35:34.968000Z</time>
      </trkpt>
      <trkpt lat="50.539279" lon="7.081408">
        <time>2026-05-08T15:35:36.016000Z</time>
      </trkpt>
      <trkpt lat="50.539325" lon="7.08139">
        <time>2026-05-08T15:35:36.896000Z</time>
      </trkpt>
      <trkpt lat="50.539403" lon="7.081484">
        <time>2026-05-08T15:35:38.720000Z</time>
      </trkpt>
      <trkpt lat="50.539395" lon="7.08156">
        <time>2026-05-08T15:35:39.628000Z</time>
      </trkpt>
      <trkpt lat="50.539357" lon="7.081622">
        <time>2026-05-08T15:35:40.644000Z</time>
      </trkpt>
      <trkpt lat="50.539234" lon="7.081834">
        <time>2026-05-08T15:35:44.030000Z</time>
      </trkpt>
      <trkpt lat="50.539152" lon="7.081943">
        <time>2026-05-08T15:35:46.026000Z</time>
      </trkpt>
      <trkpt lat="50.539071" lon="7.082023">
        <time>2026-05-08T15:35:47.804000Z</time>
      </trkpt>
      <trkpt lat="50.538966" lon="7.08217">
        <time>2026-05-08T15:35:50.417000Z</time>
      </trkpt>
      <trkpt lat="50.538948" lon="7.082249">
        <time>2026-05-08T15:35:51.408000Z</time>
      </trkpt>
      <trkpt lat="50.538973" lon="7.082285">
        <time>2026-05-08T15:35:52.038000Z</time>
      </trkpt>
      <trkpt lat="50.539063" lon="7.082276">
        <time>2026-05-08T15:35:53.713000Z</time>
      </trkpt>
      <trkpt lat="50.539123" lon="7.082241">
        <time>2026-05-08T15:35:54.903000Z</time>
      </trkpt>
      <trkpt lat="50.539184" lon="7.082192">
        <time>2026-05-08T15:35:56.176000Z</time>
      </trkpt>
      <trkpt lat="50.539413" lon="7.08202">
        <time>2026-05-08T15:36:00.898000Z</time>
      </trkpt>
      <trkpt lat="50.539419" lon="7.08204">
        <time>2026-05-08T15:36:01.158000Z</time>
      </trkpt>
      <trkpt lat="50.539512" lon="7.081972">
        <time>2026-05-08T15:36:02.036000Z</time>
      </trkpt>
      <trkpt lat="50.539737" lon="7.081906">
        <time>2026-05-08T15:36:03.985000Z</time>
      </trkpt>
      <trkpt lat="50.539937" lon="7.082081">
        <time>2026-05-08T15:36:05.932000Z</time>
      </trkpt>
      <trkpt lat="50.539991" lon="7.082185">
        <time>2026-05-08T15:36:06.657000Z</time>
      </trkpt>
      <trkpt lat="50.540031" lon="7.082376">
        <time>2026-05-08T15:36:07.737000Z</time>
      </trkpt>
      <trkpt lat="50.53921" lon="7.083566">
        <time>2026-05-08T15:36:17.060000Z</time>
      </trkpt>
      <trkpt lat="50.539034" lon="7.08393">
        <time>2026-05-08T15:36:19.515000Z</time>
      </trkpt>
      <trkpt lat="50.538996" lon="7.084004">
        <time>2026-05-08T15:36:20.028000Z</time>
      </trkpt>
      <trkpt lat="50.538744" lon="7.084306">
        <time>2026-05-08T15:36:22.718000Z</time>
      </trkpt>
      <trkpt lat="50.539122" lon="7.084745">
        <time>2026-05-08T15:36:26.805000Z</time>
      </trkpt>
      <trkpt lat="50.539183" lon="7.084855">
        <time>2026-05-08T15:36:27.647000Z</time>
      </trkpt>
      <trkpt lat="50.539263" lon="7.085123">
        <time>2026-05-08T15:36:29.390000Z</time>
      </trkpt>
      <trkpt lat="50.539299" lon="7.085407">
        <time>2026-05-08T15:36:31.183000Z</time>
      </trkpt>
      <trkpt lat="50.539324" lon="7.085623">
        <time>2026-05-08T15:36:32.653000Z</time>
      </trkpt>
      <trkpt lat="50.539407" lon="7.085812">
        <time>2026-05-08T15:36:34.319000Z</time>
      </trkpt>
      <trkpt lat="50.539531" lon="7.085985">
        <time>2026-05-08T15:36:36.294000Z</time>
      </trkpt>
      <trkpt lat="50.540125" lon="7.086659">
        <time>2026-05-08T15:36:46.529000Z</time>
      </trkpt>
      <trkpt lat="50.540428" lon="7.087065">
        <time>2026-05-08T15:36:53.575000Z</time>
      </trkpt>
      <trkpt lat="50.541728" lon="7.089156">
        <time>2026-05-08T15:37:15.944000Z</time>
      </trkpt>
      <trkpt lat="50.541843" lon="7.089262">
        <time>2026-05-08T15:37:17.559000Z</time>
      </trkpt>
      <trkpt lat="50.54193" lon="7.089483">
        <time>2026-05-08T15:37:19.600000Z</time>
      </trkpt>
      <trkpt lat="50.542953" lon="7.091224">
        <time>2026-05-08T15:37:39.121000Z</time>
      </trkpt>
      <trkpt lat="50.543928" lon="7.093091">
        <time>2026-05-08T15:37:58.249000Z</time>
      </trkpt>
      <trkpt lat="50.544145" lon="7.093564">
        <time>2026-05-08T15:38:03.100000Z</time>
      </trkpt>
      <trkpt lat="50.546169" lon="7.098241">
        <time>2026-05-08T15:38:53.563000Z</time>
      </trkpt>
      <trkpt lat="50.546635" lon="7.099317">
        <time>2026-05-08T15:39:06.679000Z</time>
      </trkpt>
      <trkpt lat="50.546908" lon="7.100166">
        <time>2026-05-08T15:39:17.353000Z</time>
      </trkpt>
      <trkpt lat="50.547088" lon="7.101245">
        <time>2026-05-08T15:39:31.606000Z</time>
      </trkpt>
      <trkpt lat="50.54717" lon="7.101822">
        <time>2026-05-08T15:39:39.302000Z</time>
      </trkpt>
      <trkpt lat="50.547223" lon="7.102043">
        <time>2026-05-08T15:39:42.385000Z</time>
      </trkpt>
      <trkpt lat="50.547243" lon="7.102354">
        <time>2026-05-08T15:39:46.550000Z</time>
      </trkpt>
      <trkpt lat="50.547236" lon="7.103428">
        <time>2026-05-08T15:40:02.817000Z</time>
      </trkpt>
      <trkpt lat="50.547201" lon="7.103889">
        <time>2026-05-08T15:40:10.048000Z</time>
      </trkpt>
      <trkpt lat="50.547229" lon="7.104354">
        <time>2026-05-08T15:40:17.756000Z</time>
      </trkpt>
      <trkpt lat="50.547271" lon="7.104557">
        <time>2026-05-08T15:40:21.496000Z</time>
      </trkpt>
      <trkpt lat="50.547368" lon="7.104733">
        <time>2026-05-08T15:40:25.684000Z</time>
      </trkpt>
      <trkpt lat="50.547384" lon="7.105065">
        <time>2026-05-08T15:40:31.713000Z</time>
      </trkpt>
      <trkpt lat="50.547366" lon="7.105638">
        <time>2026-05-08T15:40:42.388000Z</time>
      </trkpt>
      <trkpt lat="50.547433" lon="7.106259">
        <time>2026-05-08T15:40:53.910000Z</time>
      </trkpt>
      <trkpt lat="50.5475" lon="7.106524">
        <time>2026-05-08T15:40:58.728000Z</time>
      </trkpt>
      <trkpt lat="50.548276" lon="7.108286">
        <time>2026-05-08T15:41:32.568000Z</time>
      </trkpt>
      <trkpt lat="50.54848" lon="7.108628">
        <time>2026-05-08T15:41:39.155000Z</time>
      </trkpt>
      <trkpt lat="50.548579" lon="7.108848">
        <time>2026-05-08T15:41:42.735000Z</time>
      </trkpt>
      <trkpt lat="50.548813" lon="7.109951">
        <time>2026-05-08T15:41:56.333000Z</time>
      </trkpt>
      <trkpt lat="50.548892" lon="7.110225">
        <time>2026-05-08T15:41:59.332000Z</time>
      </trkpt>
      <trkpt lat="50.549108" lon="7.110707">
        <time>2026-05-08T15:42:04.420000Z</time>
      </trkpt>
      <trkpt lat="50.54917" lon="7.110921">
        <time>2026-05-08T15:42:06.273000Z</time>
      </trkpt>
      <trkpt lat="50.549501" lon="7.111713">
        <time>2026-05-08T15:42:13.094000Z</time>
      </trkpt>
      <trkpt lat="50.549686" lon="7.112216">
        <time>2026-05-08T15:42:17.082000Z</time>
      </trkpt>
      <trkpt lat="50.54984" lon="7.112499">
        <time>2026-05-08T15:42:19.620000Z</time>
      </trkpt>
      <trkpt lat="50.550028" lon="7.113151">
        <time>2026-05-08T15:42:24.481000Z</time>
      </trkpt>
      <trkpt lat="50.550412" lon="7.114119">
        <time>2026-05-08T15:42:32.722000Z</time>
      </trkpt>
      <trkpt lat="50.550822" lon="7.115069">
        <time>2026-05-08T15:42:46.267000Z</time>
      </trkpt>
      <trkpt lat="50.550882" lon="7.115137">
        <time>2026-05-08T15:42:48.081000Z</time>
      </trkpt>
      <trkpt lat="50.550905" lon="7.115165">
        <time>2026-05-08T15:42:48.791000Z</time>
      </trkpt>
      <trkpt lat="50.550966" lon="7.11524">
        <time>2026-05-08T15:42:50.722000Z</time>
      </trkpt>
      <trkpt lat="50.551873" lon="7.115781">
        <time>2026-05-08T15:43:14.874000Z</time>
      </trkpt>
      <trkpt lat="50.552023" lon="7.115816">
        <time>2026-05-08T15:43:18.340000Z</time>
      </trkpt>
      <trkpt lat="50.552275" lon="7.115679">
        <time>2026-05-08T15:43:23.743000Z</time>
      </trkpt>
      <trkpt lat="50.553165" lon="7.115198">
        <time>2026-05-08T15:43:49.706000Z</time>
      </trkpt>
      <trkpt lat="50.553296" lon="7.115183">
        <time>2026-05-08T15:43:54.557000Z</time>
      </trkpt>
      <trkpt lat="50.553407" lon="7.114264">
        <time>2026-05-08T15:44:21.984000Z</time>
      </trkpt>
      <trkpt lat="50.553438" lon="7.113218">
        <time>2026-05-08T15:45:01.152000Z</time>
      </trkpt>
      <trkpt lat="50.553548" lon="7.112245">
        <time>2026-05-08T15:45:37.652000Z</time>
      </trkpt>
      <trkpt lat="50.553541" lon="7.112053">
        <time>2026-05-08T15:45:44.528000Z</time>
      </trkpt>
      <trkpt lat="50.553493" lon="7.111878">
        <time>2026-05-08T15:45:51.049000Z</time>
      </trkpt>
      <trkpt lat="50.553571" lon="7.111794">
        <time>2026-05-08T15:45:55.953000Z</time>
      </trkpt>
      <trkpt lat="50.55363" lon="7.111584">
        <time>2026-05-08T15:46:03.166000Z</time>
      </trkpt>
      <trkpt lat="50.553679" lon="7.111082">
        <time>2026-05-08T15:46:17.604000Z</time>
      </trkpt>
      <trkpt lat="50.553724" lon="7.11036">
        <time>2026-05-08T15:46:35.040000Z</time>
      </trkpt>
      <trkpt lat="50.553731" lon="7.110247">
        <time>2026-05-08T15:46:37.430000Z</time>
      </trkpt>
      <trkpt lat="50.553731" lon="7.109098">
        <time>2026-05-08T15:46:59.222000Z</time>
      </trkpt>
      <trkpt lat="50.553764" lon="7.108633">
        <time>2026-05-08T15:47:07.113000Z</time>
      </trkpt>
      <trkpt lat="50.553778" lon="7.108544">
        <time>2026-05-08T15:47:08.493000Z</time>
      </trkpt>
      <trkpt lat="50.554078" lon="7.107212">
        <time>2026-05-08T15:47:25.746000Z</time>
      </trkpt>
      <trkpt lat="50.554408" lon="7.106833">
        <time>2026-05-08T15:47:30.221000Z</time>
      </trkpt>
      <trkpt lat="50.554804" lon="7.106555">
        <time>2026-05-08T15:47:34.517000Z</time>
      </trkpt>
      <trkpt lat="50.554951" lon="7.106635">
        <time>2026-05-08T15:47:35.983000Z</time>
      </trkpt>
      <trkpt lat="50.55524" lon="7.106983">
        <time>2026-05-08T15:47:39.352000Z</time>
      </trkpt>
      <trkpt lat="50.555354" lon="7.107062">
        <time>2026-05-08T15:47:40.484000Z</time>
      </trkpt>
      <trkpt lat="50.555651" lon="7.106879">
        <time>2026-05-08T15:47:43.367000Z</time>
      </trkpt>
      <trkpt lat="50.555738" lon="7.106848">
        <time>2026-05-08T15:47:44.181000Z</time>
      </trkpt>
      <trkpt lat="50.556222" lon="7.106912">
        <time>2026-05-08T15:47:48.639000Z</time>
      </trkpt>
      <trkpt lat="50.556563" lon="7.106889">
        <time>2026-05-08T15:47:51.881000Z</time>
      </trkpt>
      <trkpt lat="50.556748" lon="7.106888">
        <time>2026-05-08T15:47:53.729000Z</time>
      </trkpt>
      <trkpt lat="50.557056" lon="7.106865">
        <time>2026-05-08T15:47:56.990000Z</time>
      </trkpt>
      <trkpt lat="50.557804" lon="7.107439">
        <time>2026-05-08T15:48:15.832000Z</time>
      </trkpt>
      <trkpt lat="50.55802" lon="7.107647">
        <time>2026-05-08T15:48:24.963000Z</time>
      </trkpt>
      <trkpt lat="50.558039" lon="7.107674">
        <time>2026-05-08T15:48:25.936000Z</time>
      </trkpt>
      <trkpt lat="50.558401" lon="7.10813">
        <time>2026-05-08T15:48:43.497000Z</time>
      </trkpt>
      <trkpt lat="50.558667" lon="7.10843">
        <time>2026-05-08T15:48:55.809000Z</time>
      </trkpt>
      <trkpt lat="50.558861" lon="7.108539">
        <time>2026-05-08T15:49:03.472000Z</time>
      </trkpt>
      <trkpt lat="50.558951" lon="7.108557">
        <time>2026-05-08T15:49:06.781000Z</time>
      </trkpt>
      <trkpt lat="50.559066" lon="7.10858">
        <time>2026-05-08T15:49:10.971000Z</time>
      </trkpt>
      <trkpt lat="50.559146" lon="7.108615">
        <time>2026-05-08T15:49:13.864000Z</time>
      </trkpt>
      <trkpt lat="50.559281" lon="7.108658">
        <time>2026-05-08T15:49:18.279000Z</time>
      </trkpt>
      <trkpt lat="50.561988" lon="7.110223">
        <time>2026-05-08T15:50:26.855000Z</time>
      </trkpt>
      <trkpt lat="50.562184" lon="7.110511">
        <time>2026-05-08T15:50:35.802000Z</time>
      </trkpt>
      <trkpt lat="50.562266" lon="7.110447">
        <time>2026-05-08T15:50:39.070000Z</time>
      </trkpt>
      <trkpt lat="50.562184" lon="7.110511">
        <time>2026-05-08T15:50:42.293000Z</time>
      </trkpt>
      <trkpt lat="50.562294" lon="7.110714">
        <time>2026-05-08T15:50:48.681000Z</time>
      </trkpt>
      <trkpt lat="50.562377" lon="7.110954">
        <time>2026-05-08T15:50:55.596000Z</time>
      </trkpt>
      <trkpt lat="50.562637" lon="7.111896">
        <time>2026-05-08T15:51:24.434000Z</time>
      </trkpt>
      <trkpt lat="50.562816" lon="7.112414">
        <time>2026-05-08T15:51:40.764000Z</time>
      </trkpt>
      <trkpt lat="50.562965" lon="7.112609">
        <time>2026-05-08T15:51:48.451000Z</time>
      </trkpt>
      <trkpt lat="50.563304" lon="7.112752">
        <time>2026-05-08T15:52:01.179000Z</time>
      </trkpt>
      <trkpt lat="50.563781" lon="7.112863">
        <time>2026-05-08T15:52:15.233000Z</time>
      </trkpt>
      <trkpt lat="50.564455" lon="7.113156">
        <time>2026-05-08T15:52:30.385000Z</time>
      </trkpt>
      <trkpt lat="50.565351" lon="7.113608">
        <time>2026-05-08T15:52:44.696000Z</time>
      </trkpt>
      <trkpt lat="50.565419" lon="7.11359">
        <time>2026-05-08T15:52:45.678000Z</time>
      </trkpt>
      <trkpt lat="50.565552" lon="7.113511">
        <time>2026-05-08T15:52:47.687000Z</time>
      </trkpt>
      <trkpt lat="50.565637" lon="7.113613">
        <time>2026-05-08T15:52:48.743000Z</time>
      </trkpt>
      <trkpt lat="50.566663" lon="7.114316">
        <time>2026-05-08T15:52:59.763000Z</time>
      </trkpt>
      <trkpt lat="50.567289" lon="7.114754">
        <time>2026-05-08T15:53:06.419000Z</time>
      </trkpt>
      <trkpt lat="50.567594" lon="7.114976">
        <time>2026-05-08T15:53:09.594000Z</time>
      </trkpt>
      <trkpt lat="50.568332" lon="7.115513">
        <time>2026-05-08T15:53:17.322000Z</time>
      </trkpt>
      <trkpt lat="50.568407" lon="7.115599">
        <time>2026-05-08T15:53:18.207000Z</time>
      </trkpt>
      <trkpt lat="50.568477" lon="7.115716">
        <time>2026-05-08T15:53:19.188000Z</time>
      </trkpt>
      <trkpt lat="50.568607" lon="7.11606">
        <time>2026-05-08T15:53:21.677000Z</time>
      </trkpt>
      <trkpt lat="50.568752" lon="7.116571">
        <time>2026-05-08T15:53:25.188000Z</time>
      </trkpt>
      <trkpt lat="50.568953" lon="7.117835">
        <time>2026-05-08T15:53:33.902000Z</time>
      </trkpt>
      <trkpt lat="50.568956" lon="7.117979">
        <time>2026-05-08T15:53:34.918000Z</time>
      </trkpt>
      <trkpt lat="50.568908" lon="7.118344">
        <time>2026-05-08T15:53:37.593000Z</time>
      </trkpt>
      <trkpt lat="50.56871" lon="7.119161">
        <time>2026-05-08T15:53:44.288000Z</time>
      </trkpt>
      <trkpt lat="50.56851" lon="7.119782">
        <time>2026-05-08T15:53:50.126000Z</time>
      </trkpt>
      <trkpt lat="50.568194" lon="7.120819">
        <time>2026-05-08T15:53:59.973000Z</time>
      </trkpt>
      <trkpt lat="50.568046" lon="7.121662">
        <time>2026-05-08T15:54:06.813000Z</time>
      </trkpt>
      <trkpt lat="50.567914" lon="7.122133">
        <time>2026-05-08T15:54:10.517000Z</time>
      </trkpt>
      <trkpt lat="50.567712" lon="7.122755">
        <time>2026-05-08T15:54:15.244000Z</time>
      </trkpt>
      <trkpt lat="50.56719" lon="7.124132">
        <time>2026-05-08T15:54:25.532000Z</time>
      </trkpt>
      <trkpt lat="50.566923" lon="7.124916">
        <time>2026-05-08T15:54:31.156000Z</time>
      </trkpt>
      <trkpt lat="50.566854" lon="7.125345">
        <time>2026-05-08T15:54:33.961000Z</time>
      </trkpt>
      <trkpt lat="50.566809" lon="7.125796">
        <time>2026-05-08T15:54:36.845000Z</time>
      </trkpt>
      <trkpt lat="50.566791" lon="7.126011">
        <time>2026-05-08T15:54:38.220000Z</time>
      </trkpt>
      <trkpt lat="50.566554" lon="7.129104">
        <time>2026-05-08T15:54:58.337000Z</time>
      </trkpt>
      <trkpt lat="50.566577" lon="7.129893">
        <time>2026-05-08T15:55:03.657000Z</time>
      </trkpt>
      <trkpt lat="50.566599" lon="7.130148">
        <time>2026-05-08T15:55:05.452000Z</time>
      </trkpt>
      <trkpt lat="50.566709" lon="7.130757">
        <time>2026-05-08T15:55:10.065000Z</time>
      </trkpt>
      <trkpt lat="50.566935" lon="7.131794">
        <time>2026-05-08T15:55:18.506000Z</time>
      </trkpt>
      <trkpt lat="50.567148" lon="7.13253">
        <time>2026-05-08T15:55:24.715000Z</time>
      </trkpt>
      <trkpt lat="50.567259" lon="7.132999">
        <time>2026-05-08T15:55:28.496000Z</time>
      </trkpt>
      <trkpt lat="50.567314" lon="7.133318">
        <time>2026-05-08T15:55:30.829000Z</time>
      </trkpt>
      <trkpt lat="50.567354" lon="7.133762">
        <time>2026-05-08T15:55:33.858000Z</time>
      </trkpt>
      <trkpt lat="50.567284" lon="7.13457">
        <time>2026-05-08T15:55:39.172000Z</time>
      </trkpt>
      <trkpt lat="50.567293" lon="7.134748">
        <time>2026-05-08T15:55:40.331000Z</time>
      </trkpt>
      <trkpt lat="50.567347" lon="7.13492">
        <time>2026-05-08T15:55:41.588000Z</time>
      </trkpt>
      <trkpt lat="50.567641" lon="7.13528">
        <time>2026-05-08T15:55:45.438000Z</time>
      </trkpt>
      <trkpt lat="50.567532" lon="7.13604">
        <time>2026-05-08T15:55:50.568000Z</time>
      </trkpt>
      <trkpt lat="50.567423" lon="7.137286">
        <time>2026-05-08T15:55:59.206000Z</time>
      </trkpt>
      <trkpt lat="50.567265" lon="7.138408">
        <time>2026-05-08T15:56:07.270000Z</time>
      </trkpt>
      <trkpt lat="50.567223" lon="7.138664">
        <time>2026-05-08T15:56:09.108000Z</time>
      </trkpt>
      <trkpt lat="50.566926" lon="7.139799">
        <time>2026-05-08T15:56:17.638000Z</time>
      </trkpt>
      <trkpt lat="50.566813" lon="7.140239">
        <time>2026-05-08T15:56:20.930000Z</time>
      </trkpt>
      <trkpt lat="50.566763" lon="7.140428">
        <time>2026-05-08T15:56:22.376000Z</time>
      </trkpt>
      <trkpt lat="50.566628" lon="7.141019">
        <time>2026-05-08T15:56:26.824000Z</time>
      </trkpt>
      <trkpt lat="50.566251" lon="7.142671">
        <time>2026-05-08T15:56:40.617000Z</time>
      </trkpt>
      <trkpt lat="50.566032" lon="7.143703">
        <time>2026-05-08T15:56:49.698000Z</time>
      </trkpt>
      <trkpt lat="50.565935" lon="7.144271">
        <time>2026-05-08T15:56:54.375000Z</time>
      </trkpt>
      <trkpt lat="50.565733" lon="7.145752">
        <time>2026-05-08T15:57:05.795000Z</time>
      </trkpt>
      <trkpt lat="50.565465" lon="7.146976">
        <time>2026-05-08T15:57:15.493000Z</time>
      </trkpt>
      <trkpt lat="50.565387" lon="7.147414">
        <time>2026-05-08T15:57:18.902000Z</time>
      </trkpt>
      <trkpt lat="50.565334" lon="7.14787">
        <time>2026-05-08T15:57:22.375000Z</time>
      </trkpt>
      <trkpt lat="50.565347" lon="7.148397">
        <time>2026-05-08T15:57:26.307000Z</time>
      </trkpt>
      <trkpt lat="50.565387" lon="7.148741">
        <time>2026-05-08T15:57:28.899000Z</time>
      </trkpt>
      <trkpt lat="50.565457" lon="7.149057">
        <time>2026-05-08T15:57:31.415000Z</time>
      </trkpt>
      <trkpt lat="50.565831" lon="7.150329">
        <time>2026-05-08T15:57:42.960000Z</time>
      </trkpt>
      <trkpt lat="50.566216" lon="7.152145">
        <time>2026-05-08T15:58:04.896000Z</time>
      </trkpt>
      <trkpt lat="50.566348" lon="7.152626">
        <time>2026-05-08T15:58:09.499000Z</time>
      </trkpt>
      <trkpt lat="50.566475" lon="7.153001">
        <time>2026-05-08T15:58:12.699000Z</time>
      </trkpt>
      <trkpt lat="50.567094" lon="7.154417">
        <time>2026-05-08T15:58:23.918000Z</time>
      </trkpt>
      <trkpt lat="50.567164" lon="7.154651">
        <time>2026-05-08T15:58:25.557000Z</time>
      </trkpt>
      <trkpt lat="50.567265" lon="7.15515">
        <time>2026-05-08T15:58:28.923000Z</time>
      </trkpt>
      <trkpt lat="50.567537" lon="7.157071">
        <time>2026-05-08T15:58:43.694000Z</time>
      </trkpt>
      <trkpt lat="50.5676" lon="7.157872">
        <time>2026-05-08T15:58:52.492000Z</time>
      </trkpt>
      <trkpt lat="50.567681" lon="7.15781">
        <time>2026-05-08T15:58:54.212000Z</time>
      </trkpt>
      <trkpt lat="50.567906" lon="7.157642">
        <time>2026-05-08T15:58:58.993000Z</time>
      </trkpt>
      <trkpt lat="50.568033" lon="7.157547">
        <time>2026-05-08T15:59:01.689000Z</time>
      </trkpt>
      <trkpt lat="50.568284" lon="7.157335">
        <time>2026-05-08T15:59:07.498000Z</time>
      </trkpt>
      <trkpt lat="50.568661" lon="7.157002">
        <time>2026-05-08T15:59:16.204000Z</time>
      </trkpt>
      <trkpt lat="50.568866" lon="7.156784">
        <time>2026-05-08T15:59:20.981000Z</time>
      </trkpt>
      <trkpt lat="50.56917" lon="7.156352">
        <time>2026-05-08T15:59:28.933000Z</time>
      </trkpt>
      <trkpt lat="50.569365" lon="7.156074">
        <time>2026-05-08T15:59:33.871000Z</time>
      </trkpt>
      <trkpt lat="50.569588" lon="7.155767">
        <time>2026-05-08T15:59:38.907000Z</time>
      </trkpt>
      <trkpt lat="50.569712" lon="7.155655">
        <time>2026-05-08T15:59:41.417000Z</time>
      </trkpt>
      <trkpt lat="50.569832" lon="7.155647">
        <time>2026-05-08T15:59:43.643000Z</time>
      </trkpt>
      <trkpt lat="50.569987" lon="7.155708">
        <time>2026-05-08T15:59:46.546000Z</time>
      </trkpt>
      <trkpt lat="50.570589" lon="7.156064">
        <time>2026-05-08T15:59:59.513000Z</time>
      </trkpt>
      <trkpt lat="50.570954" lon="7.156355">
        <time>2026-05-08T16:00:08.038000Z</time>
      </trkpt>
      <trkpt lat="50.571523" lon="7.156913">
        <time>2026-05-08T16:00:22.726000Z</time>
      </trkpt>
      <trkpt lat="50.571707" lon="7.157144">
        <time>2026-05-08T16:00:28.483000Z</time>
      </trkpt>
      <trkpt lat="50.571975" lon="7.157434">
        <time>2026-05-08T16:00:36.718000Z</time>
      </trkpt>
      <trkpt lat="50.57275" lon="7.158082">
        <time>2026-05-08T16:01:00.830000Z</time>
      </trkpt>
      <trkpt lat="50.572992" lon="7.158184">
        <time>2026-05-08T16:01:07.661000Z</time>
      </trkpt>
      <trkpt lat="50.573088" lon="7.158148">
        <time>2026-05-08T16:01:10.306000Z</time>
      </trkpt>
      <trkpt lat="50.573601" lon="7.157673">
        <time>2026-05-08T16:01:24.557000Z</time>
      </trkpt>
      <trkpt lat="50.573808" lon="7.157605">
        <time>2026-05-08T16:01:28.916000Z</time>
      </trkpt>
      <trkpt lat="50.574049" lon="7.15773">
        <time>2026-05-08T16:01:33.518000Z</time>
      </trkpt>
      <trkpt lat="50.574837" lon="7.158771">
        <time>2026-05-08T16:01:47.499000Z</time>
      </trkpt>
      <trkpt lat="50.574999" lon="7.158891">
        <time>2026-05-08T16:01:49.908000Z</time>
      </trkpt>
      <trkpt lat="50.575187" lon="7.158935">
        <time>2026-05-08T16:01:52.675000Z</time>
      </trkpt>
      <trkpt lat="50.575337" lon="7.158901">
        <time>2026-05-08T16:01:55.094000Z</time>
      </trkpt>
      <trkpt lat="50.575475" lon="7.158822">
        <time>2026-05-08T16:01:57.621000Z</time>
      </trkpt>
      <trkpt lat="50.576697" lon="7.157895">
        <time>2026-05-08T16:02:28.053000Z</time>
      </trkpt>
      <trkpt lat="50.576883" lon="7.157653">
        <time>2026-05-08T16:02:33.254000Z</time>
      </trkpt>
      <trkpt lat="50.577081" lon="7.157279">
        <time>2026-05-08T16:02:39.801000Z</time>
      </trkpt>
      <trkpt lat="50.577093" lon="7.157261">
        <time>2026-05-08T16:02:40.179000Z</time>
      </trkpt>
      <trkpt lat="50.577166" lon="7.157152">
        <time>2026-05-08T16:02:42.359000Z</time>
      </trkpt>
      <trkpt lat="50.577303" lon="7.157067">
        <time>2026-05-08T16:02:45.687000Z</time>
      </trkpt>
      <trkpt lat="50.577505" lon="7.157008">
        <time>2026-05-08T16:02:50.546000Z</time>
      </trkpt>
      <trkpt lat="50.577855" lon="7.156762">
        <time>2026-05-08T16:03:00.184000Z</time>
      </trkpt>
      <trkpt lat="50.578001" lon="7.156641">
        <time>2026-05-08T16:03:04.503000Z</time>
      </trkpt>
      <trkpt lat="50.578082" lon="7.15645">
        <time>2026-05-08T16:03:08.220000Z</time>
      </trkpt>
      <trkpt lat="50.578121" lon="7.156265">
        <time>2026-05-08T16:03:11.378000Z</time>
      </trkpt>
      <trkpt lat="50.578128" lon="7.156082">
        <time>2026-05-08T16:03:14.482000Z</time>
      </trkpt>
      <trkpt lat="50.578094" lon="7.155809">
        <time>2026-05-08T16:03:19.384000Z</time>
      </trkpt>
      <trkpt lat="50.577874" lon="7.155164">
        <time>2026-05-08T16:03:32.936000Z</time>
      </trkpt>
      <trkpt lat="50.577794" lon="7.15483">
        <time>2026-05-08T16:03:39.322000Z</time>
      </trkpt>
      <trkpt lat="50.57776" lon="7.15456">
        <time>2026-05-08T16:03:43.907000Z</time>
      </trkpt>
      <trkpt lat="50.577759" lon="7.15426">
        <time>2026-05-08T16:03:48.572000Z</time>
      </trkpt>
      <trkpt lat="50.577816" lon="7.153702">
        <time>2026-05-08T16:03:56.450000Z</time>
      </trkpt>
      <trkpt lat="50.577946" lon="7.152794">
        <time>2026-05-08T16:04:07.156000Z</time>
      </trkpt>
      <trkpt lat="50.577987" lon="7.15232">
        <time>2026-05-08T16:04:12.417000Z</time>
      </trkpt>
      <trkpt lat="50.57799" lon="7.151541">
        <time>2026-05-08T16:04:21.922000Z</time>
      </trkpt>
      <trkpt lat="50.578012" lon="7.151394">
        <time>2026-05-08T16:04:24.024000Z</time>
      </trkpt>
      <trkpt lat="50.578089" lon="7.151207">
        <time>2026-05-08T16:04:27.240000Z</time>
      </trkpt>
      <trkpt lat="50.578438" lon="7.150919">
        <time>2026-05-08T16:04:37.016000Z</time>
      </trkpt>
      <trkpt lat="50.578838" lon="7.150509">
        <time>2026-05-08T16:04:49.131000Z</time>
      </trkpt>
      <trkpt lat="50.579246" lon="7.150034">
        <time>2026-05-08T16:05:02.205000Z</time>
      </trkpt>
      <trkpt lat="50.579279" lon="7.15">
        <time>2026-05-08T16:05:03.286000Z</time>
      </trkpt>
      <trkpt lat="50.579516" lon="7.149769">
        <time>2026-05-08T16:05:10.496000Z</time>
      </trkpt>
      <trkpt lat="50.579611" lon="7.149719">
        <time>2026-05-08T16:05:13.002000Z</time>
      </trkpt>
      <trkpt lat="50.580063" lon="7.149693">
        <time>2026-05-08T16:05:23.509000Z</time>
      </trkpt>
      <trkpt lat="50.580211" lon="7.149671">
        <time>2026-05-08T16:05:26.800000Z</time>
      </trkpt>
      <trkpt lat="50.580521" lon="7.149518">
        <time>2026-05-08T16:05:33.985000Z</time>
      </trkpt>
      <trkpt lat="50.581066" lon="7.149345">
        <time>2026-05-08T16:05:47.498000Z</time>
      </trkpt>
      <trkpt lat="50.581269" lon="7.149177">
        <time>2026-05-08T16:05:53.300000Z</time>
      </trkpt>
      <trkpt lat="50.58182" lon="7.148388">
        <time>2026-05-08T16:06:10.594000Z</time>
      </trkpt>
      <trkpt lat="50.581987" lon="7.148099">
        <time>2026-05-08T16:06:16.246000Z</time>
      </trkpt>
      <trkpt lat="50.582344" lon="7.147504">
        <time>2026-05-08T16:06:27.467000Z</time>
      </trkpt>
      <trkpt lat="50.582541" lon="7.14706">
        <time>2026-05-08T16:06:34.939000Z</time>
      </trkpt>
      <trkpt lat="50.582702" lon="7.146625">
        <time>2026-05-08T16:06:42.155000Z</time>
      </trkpt>
      <trkpt lat="50.582881" lon="7.146361">
        <time>2026-05-08T16:06:48.168000Z</time>
      </trkpt>
      <trkpt lat="50.583471" lon="7.145948">
        <time>2026-05-08T16:07:06.600000Z</time>
      </trkpt>
      <trkpt lat="50.583647" lon="7.14564">
        <time>2026-05-08T16:07:15.406000Z</time>
      </trkpt>
      <trkpt lat="50.583698" lon="7.145396">
        <time>2026-05-08T16:07:21.312000Z</time>
      </trkpt>
      <trkpt lat="50.583821" lon="7.144081">
        <time>2026-05-08T16:07:54.949000Z</time>
      </trkpt>
      <trkpt lat="50.583907" lon="7.142832">
        <time>2026-05-08T16:08:27.789000Z</time>
      </trkpt>
      <trkpt lat="50.584437" lon="7.140949">
        <time>2026-05-08T16:09:17.952000Z</time>
      </trkpt>
      <trkpt lat="50.584741" lon="7.139781">
        <time>2026-05-08T16:09:45.409000Z</time>
      </trkpt>
      <trkpt lat="50.58495" lon="7.138744">
        <time>2026-05-08T16:10:06.806000Z</time>
      </trkpt>
      <trkpt lat="50.585349" lon="7.137285">
        <time>2026-05-08T16:10:31.768000Z</time>
      </trkpt>
      <trkpt lat="50.585423" lon="7.136929">
        <time>2026-05-08T16:10:35.919000Z</time>
      </trkpt>
      <trkpt lat="50.585538" lon="7.136213">
        <time>2026-05-08T16:10:41.948000Z</time>
      </trkpt>
      <trkpt lat="50.585636" lon="7.135765">
        <time>2026-05-08T16:10:45.241000Z</time>
      </trkpt>
      <trkpt lat="50.587118" lon="7.137776">
        <time>2026-05-08T16:11:03.988000Z</time>
      </trkpt>
      <trkpt lat="50.587276" lon="7.137961">
        <time>2026-05-08T16:11:05.818000Z</time>
      </trkpt>
      <trkpt lat="50.58766" lon="7.138189">
        <time>2026-05-08T16:11:09.669000Z</time>
      </trkpt>
      <trkpt lat="50.587782" lon="7.138329">
        <time>2026-05-08T16:11:11.114000Z</time>
      </trkpt>
      <trkpt lat="50.587902" lon="7.138557">
        <time>2026-05-08T16:11:12.945000Z</time>
      </trkpt>
      <trkpt lat="50.58803" lon="7.138845">
        <time>2026-05-08T16:11:15.207000Z</time>
      </trkpt>
      <trkpt lat="50.588351" lon="7.139528">
        <time>2026-05-08T16:11:21.822000Z</time>
      </trkpt>
      <trkpt lat="50.588506" lon="7.139801">
        <time>2026-05-08T16:11:26.068000Z</time>
      </trkpt>
      <trkpt lat="50.588731" lon="7.140102">
        <time>2026-05-08T16:11:33.625000Z</time>
      </trkpt>
      <trkpt lat="50.588926" lon="7.140265">
        <time>2026-05-08T16:11:40.892000Z</time>
      </trkpt>
      <trkpt lat="50.589306" lon="7.140657">
        <time>2026-05-08T16:11:58.604000Z</time>
      </trkpt>
      <trkpt lat="50.589399" lon="7.140819">
        <time>2026-05-08T16:12:04.678000Z</time>
      </trkpt>
      <trkpt lat="50.589512" lon="7.141429">
        <time>2026-05-08T16:12:23.141000Z</time>
      </trkpt>
      <trkpt lat="50.589741" lon="7.141981">
        <time>2026-05-08T16:12:43.840000Z</time>
      </trkpt>
      <trkpt lat="50.589968" lon="7.142454">
        <time>2026-05-08T16:13:04.219000Z</time>
      </trkpt>
      <trkpt lat="50.590068" lon="7.142564">
        <time>2026-05-08T16:13:10.807000Z</time>
      </trkpt>
      <trkpt lat="50.59026" lon="7.142637">
        <time>2026-05-08T16:13:21.656000Z</time>
      </trkpt>
      <trkpt lat="50.590809" lon="7.14265">
        <time>2026-05-08T16:13:52.854000Z</time>
      </trkpt>
      <trkpt lat="50.591137" lon="7.142663">
        <time>2026-05-08T16:14:11.731000Z</time>
      </trkpt>
      <trkpt lat="50.591623" lon="7.142665">
        <time>2026-05-08T16:14:40.015000Z</time>
      </trkpt>
      <trkpt lat="50.59172" lon="7.142571">
        <time>2026-05-08T16:14:46.338000Z</time>
      </trkpt>
      <trkpt lat="50.591862" lon="7.142351">
        <time>2026-05-08T16:14:57.082000Z</time>
      </trkpt>
      <trkpt lat="50.591927" lon="7.14231">
        <time>2026-05-08T16:15:00.686000Z</time>
      </trkpt>
      <trkpt lat="50.591998" lon="7.142312">
        <time>2026-05-08T16:15:04.351000Z</time>
      </trkpt>
      <trkpt lat="50.592401" lon="7.142515">
        <time>2026-05-08T16:15:25.775000Z</time>
      </trkpt>
      <trkpt lat="50.592894" lon="7.142577">
        <time>2026-05-08T16:15:51.454000Z</time>
      </trkpt>
      <trkpt lat="50.592949" lon="7.142583">
        <time>2026-05-08T16:15:54.295000Z</time>
      </trkpt>
      <trkpt lat="50.593217" lon="7.142652">
        <time>2026-05-08T16:16:08.005000Z</time>
      </trkpt>
      <trkpt lat="50.593746" lon="7.14278">
        <time>2026-05-08T16:16:32.738000Z</time>
      </trkpt>
      <trkpt lat="50.594107" lon="7.142774">
        <time>2026-05-08T16:16:47.630000Z</time>
      </trkpt>
      <trkpt lat="50.594502" lon="7.142657">
        <time>2026-05-08T16:17:03.774000Z</time>
      </trkpt>
      <trkpt lat="50.594665" lon="7.142573">
        <time>2026-05-08T16:17:10.108000Z</time>
      </trkpt>
      <trkpt lat="50.595115" lon="7.142382">
        <time>2026-05-08T16:17:25.107000Z</time>
      </trkpt>
      <trkpt lat="50.59564" lon="7.142294">
        <time>2026-05-08T16:17:40.630000Z</time>
      </trkpt>
      <trkpt lat="50.596921" lon="7.142351">
        <time>2026-05-08T16:18:20.167000Z</time>
      </trkpt>
      <trkpt lat="50.597238" lon="7.142365">
        <time>2026-05-08T16:18:30.091000Z</time>
      </trkpt>
      <trkpt lat="50.59849" lon="7.142412">
        <time>2026-05-08T16:19:09.465000Z</time>
      </trkpt>
      <trkpt lat="50.598983" lon="7.142323">
        <time>2026-05-08T16:19:24.726000Z</time>
      </trkpt>
      <trkpt lat="50.599629" lon="7.141997">
        <time>2026-05-08T16:19:44.324000Z</time>
      </trkpt>
      <trkpt lat="50.600125" lon="7.141753">
        <time>2026-05-08T16:19:57.808000Z</time>
      </trkpt>
      <trkpt lat="50.600519" lon="7.141631">
        <time>2026-05-08T16:20:06.693000Z</time>
      </trkpt>
      <trkpt lat="50.600596" lon="7.141616">
        <time>2026-05-08T16:20:08.254000Z</time>
      </trkpt>
      <trkpt lat="50.601111" lon="7.141643">
        <time>2026-05-08T16:20:16.855000Z</time>
      </trkpt>
      <trkpt lat="50.601839" lon="7.141785">
        <time>2026-05-08T16:20:25.275000Z</time>
      </trkpt>
      <trkpt lat="50.60298" lon="7.141874">
        <time>2026-05-08T16:20:36.249000Z</time>
      </trkpt>
      <trkpt lat="50.603554" lon="7.142035">
        <time>2026-05-08T16:20:41.600000Z</time>
      </trkpt>
      <trkpt lat="50.604101" lon="7.142284">
        <time>2026-05-08T16:20:46.788000Z</time>
      </trkpt>
      <trkpt lat="50.604171" lon="7.142322">
        <time>2026-05-08T16:20:47.468000Z</time>
      </trkpt>
      <trkpt lat="50.605117" lon="7.142858">
        <time>2026-05-08T16:20:56.716000Z</time>
      </trkpt>
      <trkpt lat="50.605979" lon="7.143342">
        <time>2026-05-08T16:21:05.519000Z</time>
      </trkpt>
      <trkpt lat="50.606322" lon="7.143523">
        <time>2026-05-08T16:21:09.356000Z</time>
      </trkpt>
      <trkpt lat="50.606502" lon="7.143751">
        <time>2026-05-08T16:21:11.982000Z</time>
      </trkpt>
      <trkpt lat="50.60657" lon="7.143906">
        <time>2026-05-08T16:21:13.420000Z</time>
      </trkpt>
      <trkpt lat="50.606589" lon="7.144355">
        <time>2026-05-08T16:21:17.156000Z</time>
      </trkpt>
      <trkpt lat="50.606504" lon="7.145088">
        <time>2026-05-08T16:21:24.341000Z</time>
      </trkpt>
      <trkpt lat="50.606255" lon="7.146286">
        <time>2026-05-08T16:21:35.964000Z</time>
      </trkpt>
      <trkpt lat="50.606142" lon="7.147182">
        <time>2026-05-08T16:21:43.129000Z</time>
      </trkpt>
      <trkpt lat="50.60611" lon="7.148155">
        <time>2026-05-08T16:21:50.578000Z</time>
      </trkpt>
      <trkpt lat="50.606118" lon="7.15052">
        <time>2026-05-08T16:22:12.430000Z</time>
      </trkpt>
      <trkpt lat="50.606128" lon="7.151294">
        <time>2026-05-08T16:22:20.047000Z</time>
      </trkpt>
      <trkpt lat="50.606091" lon="7.151641">
        <time>2026-05-08T16:22:23.395000Z</time>
      </trkpt>
      <trkpt lat="50.606133" lon="7.151896">
        <time>2026-05-08T16:22:25.856000Z</time>
      </trkpt>
      <trkpt lat="50.606157" lon="7.15245">
        <time>2026-05-08T16:22:30.960000Z</time>
      </trkpt>
      <trkpt lat="50.606203" lon="7.152917">
        <time>2026-05-08T16:22:35.316000Z</time>
      </trkpt>
      <trkpt lat="50.606335" lon="7.153617">
        <time>2026-05-08T16:22:42.443000Z</time>
      </trkpt>
      <trkpt lat="50.606509" lon="7.15447">
        <time>2026-05-08T16:22:49.419000Z</time>
      </trkpt>
      <trkpt lat="50.606576" lon="7.155125">
        <time>2026-05-08T16:22:53.972000Z</time>
      </trkpt>
      <trkpt lat="50.606691" lon="7.155105">
        <time>2026-05-08T16:22:55.151000Z</time>
      </trkpt>
      <trkpt lat="50.607079" lon="7.154888">
        <time>2026-05-08T16:22:59.208000Z</time>
      </trkpt>
      <trkpt lat="50.607459" lon="7.154614">
        <time>2026-05-08T16:23:03.149000Z</time>
      </trkpt>
      <trkpt lat="50.607752" lon="7.154359">
        <time>2026-05-08T16:23:06.198000Z</time>
      </trkpt>
      <trkpt lat="50.608863" lon="7.153374">
        <time>2026-05-08T16:23:22.955000Z</time>
      </trkpt>
      <trkpt lat="50.609223" lon="7.154314">
        <time>2026-05-08T16:23:32.075000Z</time>
      </trkpt>
      <trkpt lat="50.609287" lon="7.154383">
        <time>2026-05-08T16:23:34.116000Z</time>
      </trkpt>
      <trkpt lat="50.609351" lon="7.154535">
        <time>2026-05-08T16:23:37.148000Z</time>
      </trkpt>
      <trkpt lat="50.609409" lon="7.154814">
        <time>2026-05-08T16:23:42.094000Z</time>
      </trkpt>
      <trkpt lat="50.609443" lon="7.154844">
        <time>2026-05-08T16:23:43.115000Z</time>
      </trkpt>
      <trkpt lat="50.609467" lon="7.154789">
        <time>2026-05-08T16:23:43.505000Z</time>
      </trkpt>
      <trkpt lat="50.610086" lon="7.154408">
        <time>2026-05-08T16:23:49.548000Z</time>
      </trkpt>
      <trkpt lat="50.610229" lon="7.154346">
        <time>2026-05-08T16:23:50.904000Z</time>
      </trkpt>
      <trkpt lat="50.610355" lon="7.154427">
        <time>2026-05-08T16:23:52.151000Z</time>
      </trkpt>
      <trkpt lat="50.610387" lon="7.154495">
        <time>2026-05-08T16:23:52.645000Z</time>
      </trkpt>
      <trkpt lat="50.610492" lon="7.155071">
        <time>2026-05-08T16:23:56.205000Z</time>
      </trkpt>
      <trkpt lat="50.610533" lon="7.155126">
        <time>2026-05-08T16:23:56.726000Z</time>
      </trkpt>
      <trkpt lat="50.610675" lon="7.155138">
        <time>2026-05-08T16:23:58.119000Z</time>
      </trkpt>
      <trkpt lat="50.610779" lon="7.155148">
        <time>2026-05-08T16:23:59.169000Z</time>
      </trkpt>
      <trkpt lat="50.61231" lon="7.155792">
        <time>2026-05-08T16:24:17.453000Z</time>
      </trkpt>
      <trkpt lat="50.614715" lon="7.156929">
        <time>2026-05-08T16:24:47.095000Z</time>
      </trkpt>
      <trkpt lat="50.6151" lon="7.157111">
        <time>2026-05-08T16:24:51.744000Z</time>
      </trkpt>
      <trkpt lat="50.616064" lon="7.157208">
        <time>2026-05-08T16:25:03.763000Z</time>
      </trkpt>
      <trkpt lat="50.616203" lon="7.157199">
        <time>2026-05-08T16:25:05.713000Z</time>
      </trkpt>
      <trkpt lat="50.616386" lon="7.157118">
        <time>2026-05-08T16:25:08.481000Z</time>
      </trkpt>
      <trkpt lat="50.617258" lon="7.156579">
        <time>2026-05-08T16:25:29.244000Z</time>
      </trkpt>
      <trkpt lat="50.617699" lon="7.156299">
        <time>2026-05-08T16:25:38.650000Z</time>
      </trkpt>
      <trkpt lat="50.618668" lon="7.155703">
        <time>2026-05-08T16:25:56.328000Z</time>
      </trkpt>
      <trkpt lat="50.618829" lon="7.156103">
        <time>2026-05-08T16:26:03.256000Z</time>
      </trkpt>
      <trkpt lat="50.619002" lon="7.156302">
        <time>2026-05-08T16:26:07.510000Z</time>
      </trkpt>
      <trkpt lat="50.619182" lon="7.155956">
        <time>2026-05-08T16:26:12.361000Z</time>
      </trkpt>
      <trkpt lat="50.619586" lon="7.15564">
        <time>2026-05-08T16:26:19.123000Z</time>
      </trkpt>
      <trkpt lat="50.619687" lon="7.155519">
        <time>2026-05-08T16:26:20.965000Z</time>
      </trkpt>
      <trkpt lat="50.619738" lon="7.155638">
        <time>2026-05-08T16:26:22.270000Z</time>
      </trkpt>
      <trkpt lat="50.620029" lon="7.156296">
        <time>2026-05-08T16:26:27.173000Z</time>
      </trkpt>
      <trkpt lat="50.62131" lon="7.158521">
        <time>2026-05-08T16:26:44.591000Z</time>
      </trkpt>
      <trkpt lat="50.622302" lon="7.157866">
        <time>2026-05-08T16:26:55.007000Z</time>
      </trkpt>
      <trkpt lat="50.622737" lon="7.158572">
        <time>2026-05-08T16:27:01.188000Z</time>
      </trkpt>
      <trkpt lat="50.623019" lon="7.159302">
        <time>2026-05-08T16:27:06.429000Z</time>
      </trkpt>
      <trkpt lat="50.623523" lon="7.160593">
        <time>2026-05-08T16:27:16.145000Z</time>
      </trkpt>
      <trkpt lat="50.623943" lon="7.160178">
        <time>2026-05-08T16:27:21.550000Z</time>
      </trkpt>
      <trkpt lat="50.625613" lon="7.158526">
        <time>2026-05-08T16:27:45.425000Z</time>
      </trkpt>
      <trkpt lat="50.626987" lon="7.157146">
        <time>2026-05-08T16:28:02.183000Z</time>
      </trkpt>
      <trkpt lat="50.627141" lon="7.157028">
        <time>2026-05-08T16:28:03.949000Z</time>
      </trkpt>
      <trkpt lat="50.627242" lon="7.157032">
        <time>2026-05-08T16:28:05.004000Z</time>
      </trkpt>
      <trkpt lat="50.627629" lon="7.15721">
        <time>2026-05-08T16:28:09.294000Z</time>
      </trkpt>
      <trkpt lat="50.627811" lon="7.15721">
        <time>2026-05-08T16:28:11.286000Z</time>
      </trkpt>
      <trkpt lat="50.628871" lon="7.15684">
        <time>2026-05-08T16:28:24.448000Z</time>
      </trkpt>
      <trkpt lat="50.629289" lon="7.156427">
        <time>2026-05-08T16:28:29.781000Z</time>
      </trkpt>
      <trkpt lat="50.629433" lon="7.156453">
        <time>2026-05-08T16:28:31.286000Z</time>
      </trkpt>
      <trkpt lat="50.629724" lon="7.15655">
        <time>2026-05-08T16:28:35.723000Z</time>
      </trkpt>
      <trkpt lat="50.630187" lon="7.156528">
        <time>2026-05-08T16:28:42.534000Z</time>
      </trkpt>
      <trkpt lat="50.630512" lon="7.156599">
        <time>2026-05-08T16:28:47.196000Z</time>
      </trkpt>
      <trkpt lat="50.630874" lon="7.156796">
        <time>2026-05-08T16:28:52.775000Z</time>
      </trkpt>
      <trkpt lat="50.630975" lon="7.156841">
        <time>2026-05-08T16:28:54.393000Z</time>
      </trkpt>
      <trkpt lat="50.631007" lon="7.156859">
        <time>2026-05-08T16:28:54.922000Z</time>
      </trkpt>
      <trkpt lat="50.631137" lon="7.156942">
        <time>2026-05-08T16:28:57.129000Z</time>
      </trkpt>
      <trkpt lat="50.631823" lon="7.157355">
        <time>2026-05-08T16:29:09.882000Z</time>
      </trkpt>
      <trkpt lat="50.632131" lon="7.157518">
        <time>2026-05-08T16:29:16.905000Z</time>
      </trkpt>
      <trkpt lat="50.632254" lon="7.157548">
        <time>2026-05-08T16:29:19.969000Z</time>
      </trkpt>
      <trkpt lat="50.632076" lon="7.157563">
        <time>2026-05-08T16:29:24.302000Z</time>
      </trkpt>
      <trkpt lat="50.632254" lon="7.157548">
        <time>2026-05-08T16:29:29.384000Z</time>
      </trkpt>
      <trkpt lat="50.63227" lon="7.157475">
        <time>2026-05-08T16:29:30.889000Z</time>
      </trkpt>
      <trkpt lat="50.632613" lon="7.157168">
        <time>2026-05-08T16:29:44.445000Z</time>
      </trkpt>
      <trkpt lat="50.632816" lon="7.156917">
        <time>2026-05-08T16:29:54.703000Z</time>
      </trkpt>
      <trkpt lat="50.632957" lon="7.156671">
        <time>2026-05-08T16:30:03.338000Z</time>
      </trkpt>
      <trkpt lat="50.63298" lon="7.156513">
        <time>2026-05-08T16:30:07.591000Z</time>
      </trkpt>
      <trkpt lat="50.632874" lon="7.15601">
        <time>2026-05-08T16:30:21.079000Z</time>
      </trkpt>
      <trkpt lat="50.632613" lon="7.155496">
        <time>2026-05-08T16:30:36.738000Z</time>
      </trkpt>
      <trkpt lat="50.63303" lon="7.155026">
        <time>2026-05-08T16:30:56.421000Z</time>
      </trkpt>
      <trkpt lat="50.633252" lon="7.154714">
        <time>2026-05-08T16:31:05.998000Z</time>
      </trkpt>
      <trkpt lat="50.633224" lon="7.154484">
        <time>2026-05-08T16:31:09.859000Z</time>
      </trkpt>
      <trkpt lat="50.633081" lon="7.153925">
        <time>2026-05-08T16:31:17.147000Z</time>
      </trkpt>
      <trkpt lat="50.633032" lon="7.153647">
        <time>2026-05-08T16:31:20.208000Z</time>
      </trkpt>
      <trkpt lat="50.632986" lon="7.153128">
        <time>2026-05-08T16:31:25.257000Z</time>
      </trkpt>
      <trkpt lat="50.633071" lon="7.153048">
        <time>2026-05-08T16:31:26.660000Z</time>
      </trkpt>
      <trkpt lat="50.633549" lon="7.15336">
        <time>2026-05-08T16:31:33.950000Z</time>
      </trkpt>
      <trkpt lat="50.63373" lon="7.153438">
        <time>2026-05-08T16:31:36.507000Z</time>
      </trkpt>
      <trkpt lat="50.633868" lon="7.153442">
        <time>2026-05-08T16:31:38.411000Z</time>
      </trkpt>
      <trkpt lat="50.634071" lon="7.153381">
        <time>2026-05-08T16:31:41.236000Z</time>
      </trkpt>
      <trkpt lat="50.634515" lon="7.153096">
        <time>2026-05-08T16:31:48.279000Z</time>
      </trkpt>
      <trkpt lat="50.634629" lon="7.153074">
        <time>2026-05-08T16:31:50.165000Z</time>
      </trkpt>
      <trkpt lat="50.634327" lon="7.151668">
        <time>2026-05-08T16:32:13.833000Z</time>
      </trkpt>
      <trkpt lat="50.634302" lon="7.151313">
        <time>2026-05-08T16:32:21.245000Z</time>
      </trkpt>
      <trkpt lat="50.634361" lon="7.151074">
        <time>2026-05-08T16:32:26.636000Z</time>
      </trkpt>
      <trkpt lat="50.634355" lon="7.150919">
        <time>2026-05-08T16:32:29.450000Z</time>
      </trkpt>
      <trkpt lat="50.634413" lon="7.15084">
        <time>2026-05-08T16:32:31.581000Z</time>
      </trkpt>
      <trkpt lat="50.634486" lon="7.151013">
        <time>2026-05-08T16:32:35.338000Z</time>
      </trkpt>
      <trkpt lat="50.634515" lon="7.15099">
        <time>2026-05-08T16:32:36.280000Z</time>
      </trkpt>
      <trkpt lat="50.634173" lon="7.150057">
        <time>2026-05-08T16:32:56.300000Z</time>
      </trkpt>
      <trkpt lat="50.634237" lon="7.149999">
        <time>2026-05-08T16:32:58.653000Z</time>
      </trkpt>
      <trkpt lat="50.634188" lon="7.149857">
        <time>2026-05-08T16:33:01.979000Z</time>
      </trkpt>
      <trkpt lat="50.634382" lon="7.149672">
        <time>2026-05-08T16:33:09.780000Z</time>
      </trkpt>
      <trkpt lat="50.634508" lon="7.149383">
        <time>2026-05-08T16:33:18.035000Z</time>
      </trkpt>
      <trkpt lat="50.635295" lon="7.147594">
        <time>2026-05-08T16:34:28.230000Z</time>
      </trkpt>
      <trkpt lat="50.635335" lon="7.147502">
        <time>2026-05-08T16:34:32.021000Z</time>
      </trkpt>
      <trkpt lat="50.635426" lon="7.147268">
        <time>2026-05-08T16:34:41.273000Z</time>
      </trkpt>
      <trkpt lat="50.635535" lon="7.146753">
        <time>2026-05-08T16:34:59.224000Z</time>
      </trkpt>
      <trkpt lat="50.635585" lon="7.146571">
        <time>2026-05-08T16:35:05.913000Z</time>
      </trkpt>
      <trkpt lat="50.635783" lon="7.145352">
        <time>2026-05-08T16:35:47.633000Z</time>
      </trkpt>
      <trkpt lat="50.635896" lon="7.144618">
        <time>2026-05-08T16:36:08.684000Z</time>
      </trkpt>
      <trkpt lat="50.635897" lon="7.144119">
        <time>2026-05-08T16:36:21.303000Z</time>
      </trkpt>
      <trkpt lat="50.635933" lon="7.143948">
        <time>2026-05-08T16:36:25.595000Z</time>
      </trkpt>
      <trkpt lat="50.636074" lon="7.143692">
        <time>2026-05-08T16:36:33.511000Z</time>
      </trkpt>
      <trkpt lat="50.636153" lon="7.143353">
        <time>2026-05-08T16:36:41.289000Z</time>
      </trkpt>
      <trkpt lat="50.636206" lon="7.143276">
        <time>2026-05-08T16:36:43.570000Z</time>
      </trkpt>
      <trkpt lat="50.636137" lon="7.143013">
        <time>2026-05-08T16:36:48.872000Z</time>
      </trkpt>
      <trkpt lat="50.635926" lon="7.142302">
        <time>2026-05-08T16:37:01.152000Z</time>
      </trkpt>
      <trkpt lat="50.635886" lon="7.141926">
        <time>2026-05-08T16:37:06.796000Z</time>
      </trkpt>
      <trkpt lat="50.635847" lon="7.141583">
        <time>2026-05-08T16:37:12.027000Z</time>
      </trkpt>
      <trkpt lat="50.635795" lon="7.141172">
        <time>2026-05-08T16:37:18.146000Z</time>
      </trkpt>
      <trkpt lat="50.635811" lon="7.140894">
        <time>2026-05-08T16:37:22.125000Z</time>
      </trkpt>
      <trkpt lat="50.635983" lon="7.139865">
        <time>2026-05-08T16:37:36.889000Z</time>
      </trkpt>
      <trkpt lat="50.636077" lon="7.139517">
        <time>2026-05-08T16:37:41.989000Z</time>
      </trkpt>
      <trkpt lat="50.636183" lon="7.139282">
        <time>2026-05-08T16:37:44.900000Z</time>
      </trkpt>
      <trkpt lat="50.636578" lon="7.138686">
        <time>2026-05-08T16:37:53.016000Z</time>
      </trkpt>
      <trkpt lat="50.636668" lon="7.138509">
        <time>2026-05-08T16:37:55.009000Z</time>
      </trkpt>
      <trkpt lat="50.636731" lon="7.138299">
        <time>2026-05-08T16:37:56.988000Z</time>
      </trkpt>
      <trkpt lat="50.636762" lon="7.138072">
        <time>2026-05-08T16:37:58.914000Z</time>
      </trkpt>
      <trkpt lat="50.636874" lon="7.138033">
        <time>2026-05-08T16:38:00.376000Z</time>
      </trkpt>
      <trkpt lat="50.636913" lon="7.137926">
        <time>2026-05-08T16:38:01.363000Z</time>
      </trkpt>
      <trkpt lat="50.637014" lon="7.137982">
        <time>2026-05-08T16:38:02.673000Z</time>
      </trkpt>
      <trkpt lat="50.637519" lon="7.138238">
        <time>2026-05-08T16:38:08.857000Z</time>
      </trkpt>
      <trkpt lat="50.637544" lon="7.138163">
        <time>2026-05-08T16:38:09.477000Z</time>
      </trkpt>
      <trkpt lat="50.637613" lon="7.137979">
        <time>2026-05-08T16:38:11.015000Z</time>
      </trkpt>
      <trkpt lat="50.637732" lon="7.137812">
        <time>2026-05-08T16:38:12.828000Z</time>
      </trkpt>
      <trkpt lat="50.638431" lon="7.137416">
        <time>2026-05-08T16:38:21.622000Z</time>
      </trkpt>
      <trkpt lat="50.638237" lon="7.135041">
        <time>2026-05-08T16:38:44.118000Z</time>
      </trkpt>
      <trkpt lat="50.638292" lon="7.134741">
        <time>2026-05-08T16:38:47.005000Z</time>
      </trkpt>
      <trkpt lat="50.638655" lon="7.134206">
        <time>2026-05-08T16:38:53.640000Z</time>
      </trkpt>
      <trkpt lat="50.639003" lon="7.13345">
        <time>2026-05-08T16:39:00.790000Z</time>
      </trkpt>
      <trkpt lat="50.63947" lon="7.132394">
        <time>2026-05-08T16:39:10.446000Z</time>
      </trkpt>
      <trkpt lat="50.639622" lon="7.132164">
        <time>2026-05-08T16:39:13.007000Z</time>
      </trkpt>
      <trkpt lat="50.639803" lon="7.132012">
        <time>2026-05-08T16:39:15.364000Z</time>
      </trkpt>
      <trkpt lat="50.640118" lon="7.131363">
        <time>2026-05-08T16:39:20.876000Z</time>
      </trkpt>
      <trkpt lat="50.640248" lon="7.131044">
        <time>2026-05-08T16:39:23.310000Z</time>
      </trkpt>
      <trkpt lat="50.640919" lon="7.129392">
        <time>2026-05-08T16:39:34.649000Z</time>
      </trkpt>
      <trkpt lat="50.641082" lon="7.128991">
        <time>2026-05-08T16:39:37.291000Z</time>
      </trkpt>
      <trkpt lat="50.641375" lon="7.12829">
        <time>2026-05-08T16:39:41.979000Z</time>
      </trkpt>
      <trkpt lat="50.641705" lon="7.127479">
        <time>2026-05-08T16:39:47.406000Z</time>
      </trkpt>
      <trkpt lat="50.641769" lon="7.12742">
        <time>2026-05-08T16:39:48.087000Z</time>
      </trkpt>
      <trkpt lat="50.641953" lon="7.127414">
        <time>2026-05-08T16:39:49.779000Z</time>
      </trkpt>
      <trkpt lat="50.642523" lon="7.127473">
        <time>2026-05-08T16:39:55.364000Z</time>
      </trkpt>
      <trkpt lat="50.642926" lon="7.127283">
        <time>2026-05-08T16:39:59.375000Z</time>
      </trkpt>
      <trkpt lat="50.643319" lon="7.12705">
        <time>2026-05-08T16:40:03.363000Z</time>
      </trkpt>
      <trkpt lat="50.643977" lon="7.126554">
        <time>2026-05-08T16:40:10.357000Z</time>
      </trkpt>
      <trkpt lat="50.644082" lon="7.126465">
        <time>2026-05-08T16:40:11.492000Z</time>
      </trkpt>
      <trkpt lat="50.646057" lon="7.124786">
        <time>2026-05-08T16:40:33.840000Z</time>
      </trkpt>
      <trkpt lat="50.646403" lon="7.1245">
        <time>2026-05-08T16:40:37.979000Z</time>
      </trkpt>
      <trkpt lat="50.646789" lon="7.124165">
        <time>2026-05-08T16:40:42.677000Z</time>
      </trkpt>
      <trkpt lat="50.647464" lon="7.123694">
        <time>2026-05-08T16:40:50.385000Z</time>
      </trkpt>
      <trkpt lat="50.648346" lon="7.123443">
        <time>2026-05-08T16:40:59.554000Z</time>
      </trkpt>
      <trkpt lat="50.648943" lon="7.123339">
        <time>2026-05-08T16:41:05.530000Z</time>
      </trkpt>
      <trkpt lat="50.649491" lon="7.123268">
        <time>2026-05-08T16:41:11.125000Z</time>
      </trkpt>
      <trkpt lat="50.649602" lon="7.123211">
        <time>2026-05-08T16:41:12.313000Z</time>
      </trkpt>
      <trkpt lat="50.650039" lon="7.122831">
        <time>2026-05-08T16:41:17.387000Z</time>
      </trkpt>
      <trkpt lat="50.651244" lon="7.122079">
        <time>2026-05-08T16:41:31.517000Z</time>
      </trkpt>
      <trkpt lat="50.651609" lon="7.121718">
        <time>2026-05-08T16:41:36.445000Z</time>
      </trkpt>
      <trkpt lat="50.652149" lon="7.121071">
        <time>2026-05-08T16:41:44.236000Z</time>
      </trkpt>
      <trkpt lat="50.652502" lon="7.120538">
        <time>2026-05-08T16:41:49.131000Z</time>
      </trkpt>
      <trkpt lat="50.652654" lon="7.12024">
        <time>2026-05-08T16:41:51.447000Z</time>
      </trkpt>
      <trkpt lat="50.652797" lon="7.119878">
        <time>2026-05-08T16:41:54.041000Z</time>
      </trkpt>
      <trkpt lat="50.653029" lon="7.119446">
        <time>2026-05-08T16:41:57.596000Z</time>
      </trkpt>
      <trkpt lat="50.653074" lon="7.119258">
        <time>2026-05-08T16:41:58.894000Z</time>
      </trkpt>
      <trkpt lat="50.653126" lon="7.119017">
        <time>2026-05-08T16:42:00.551000Z</time>
      </trkpt>
      <trkpt lat="50.653152" lon="7.118852">
        <time>2026-05-08T16:42:01.679000Z</time>
      </trkpt>
      <trkpt lat="50.653147" lon="7.118539">
        <time>2026-05-08T16:42:03.759000Z</time>
      </trkpt>
      <trkpt lat="50.65311" lon="7.118317">
        <time>2026-05-08T16:42:05.348000Z</time>
      </trkpt>
      <trkpt lat="50.653059" lon="7.118169">
        <time>2026-05-08T16:42:06.587000Z</time>
      </trkpt>
      <trkpt lat="50.652824" lon="7.117815">
        <time>2026-05-08T16:42:10.960000Z</time>
      </trkpt>
      <trkpt lat="50.652864" lon="7.117597">
        <time>2026-05-08T16:42:13.682000Z</time>
      </trkpt>
      <trkpt lat="50.652897" lon="7.11752">
        <time>2026-05-08T16:42:14.881000Z</time>
      </trkpt>
      <trkpt lat="50.652602" lon="7.117192">
        <time>2026-05-08T16:42:23.323000Z</time>
      </trkpt>
      <trkpt lat="50.652341" lon="7.116838">
        <time>2026-05-08T16:42:31.452000Z</time>
      </trkpt>
      <trkpt lat="50.652202" lon="7.116639">
        <time>2026-05-08T16:42:35.632000Z</time>
      </trkpt>
      <trkpt lat="50.651989" lon="7.116247">
        <time>2026-05-08T16:42:42.645000Z</time>
      </trkpt>
      <trkpt lat="50.65186" lon="7.115979">
        <time>2026-05-08T16:42:47.103000Z</time>
      </trkpt>
      <trkpt lat="50.651628" lon="7.115388">
        <time>2026-05-08T16:42:55.865000Z</time>
      </trkpt>
      <trkpt lat="50.651426" lon="7.11472">
        <time>2026-05-08T16:43:04.235000Z</time>
      </trkpt>
      <trkpt lat="50.651192" lon="7.113734">
        <time>2026-05-08T16:43:15.185000Z</time>
      </trkpt>
      <trkpt lat="50.650935" lon="7.11282">
        <time>2026-05-08T16:43:26.667000Z</time>
      </trkpt>
      <trkpt lat="50.650523" lon="7.111747">
        <time>2026-05-08T16:43:42.940000Z</time>
      </trkpt>
      <trkpt lat="50.649083" lon="7.10877">
        <time>2026-05-08T16:44:34.660000Z</time>
      </trkpt>
      <trkpt lat="50.64901" lon="7.108621">
        <time>2026-05-08T16:44:37.450000Z</time>
      </trkpt>
      <trkpt lat="50.648455" lon="7.107482">
        <time>2026-05-08T16:44:57.898000Z</time>
      </trkpt>
      <trkpt lat="50.648183" lon="7.106783">
        <time>2026-05-08T16:45:08.976000Z</time>
      </trkpt>
      <trkpt lat="50.647957" lon="7.106029">
        <time>2026-05-08T16:45:19.814000Z</time>
      </trkpt>
      <trkpt lat="50.647655" lon="7.10486">
        <time>2026-05-08T16:45:37.196000Z</time>
      </trkpt>
      <trkpt lat="50.647259" lon="7.103278">
        <time>2026-05-08T16:46:04.301000Z</time>
      </trkpt>
      <trkpt lat="50.647013" lon="7.102527">
        <time>2026-05-08T16:46:18.235000Z</time>
      </trkpt>
      <trkpt lat="50.647173" lon="7.102408">
        <time>2026-05-08T16:46:22.459000Z</time>
      </trkpt>
      <trkpt lat="50.64709" lon="7.102319">
        <time>2026-05-08T16:46:24.937000Z</time>
      </trkpt>
      <trkpt lat="50.646832" lon="7.101778">
        <time>2026-05-08T16:46:34.564000Z</time>
      </trkpt>
      <trkpt lat="50.646277" lon="7.100853">
        <time>2026-05-08T16:46:49.508000Z</time>
      </trkpt>
      <trkpt lat="50.646062" lon="7.100586">
        <time>2026-05-08T16:46:54.049000Z</time>
      </trkpt>
      <trkpt lat="50.645039" lon="7.099672">
        <time>2026-05-08T16:47:11.961000Z</time>
      </trkpt>
      <trkpt lat="50.64474" lon="7.099366">
        <time>2026-05-08T16:47:18.475000Z</time>
      </trkpt>
      <trkpt lat="50.644703" lon="7.099329">
        <time>2026-05-08T16:47:19.324000Z</time>
      </trkpt>
      <trkpt lat="50.64402" lon="7.098572">
        <time>2026-05-08T16:47:36.053000Z</time>
      </trkpt>
      <trkpt lat="50.643617" lon="7.09799">
        <time>2026-05-08T16:47:46.467000Z</time>
      </trkpt>
      <trkpt lat="50.643331" lon="7.097478">
        <time>2026-05-08T16:47:54.337000Z</time>
      </trkpt>
      <trkpt lat="50.642992" lon="7.096753">
        <time>2026-05-08T16:48:05.858000Z</time>
      </trkpt>
      <trkpt lat="50.642804" lon="7.096204">
        <time>2026-05-08T16:48:15.034000Z</time>
      </trkpt>
      <trkpt lat="50.642659" lon="7.095761">
        <time>2026-05-08T16:48:23.196000Z</time>
      </trkpt>
      <trkpt lat="50.642682" lon="7.09567">
        <time>2026-05-08T16:48:24.914000Z</time>
      </trkpt>
      <trkpt lat="50.64277" lon="7.09533">
        <time>2026-05-08T16:48:32.241000Z</time>
      </trkpt>
      <trkpt lat="50.643006" lon="7.095126">
        <time>2026-05-08T16:48:42.267000Z</time>
      </trkpt>
      <trkpt lat="50.643625" lon="7.095085">
        <time>2026-05-08T16:49:09.805000Z</time>
      </trkpt>
      <trkpt lat="50.643956" lon="7.09501">
        <time>2026-05-08T16:49:28.109000Z</time>
      </trkpt>
      <trkpt lat="50.644239" lon="7.094926">
        <time>2026-05-08T16:49:44.820000Z</time>
      </trkpt>
      <trkpt lat="50.644348" lon="7.094732">
        <time>2026-05-08T16:49:54.609000Z</time>
      </trkpt>
      <trkpt lat="50.644362" lon="7.094663">
        <time>2026-05-08T16:49:57.417000Z</time>
      </trkpt>
      <trkpt lat="50.644426" lon="7.094331">
        <time>2026-05-08T16:50:10.781000Z</time>
      </trkpt>
      <trkpt lat="50.644542" lon="7.093726">
        <time>2026-05-08T16:50:34.930000Z</time>
      </trkpt>
      <trkpt lat="50.644671" lon="7.09322">
        <time>2026-05-08T16:50:54.573000Z</time>
      </trkpt>
      <trkpt lat="50.645037" lon="7.091986">
        <time>2026-05-08T16:51:33.923000Z</time>
      </trkpt>
      <trkpt lat="50.645038" lon="7.091641">
        <time>2026-05-08T16:51:41.673000Z</time>
      </trkpt>
      <trkpt lat="50.644813" lon="7.090306">
        <time>2026-05-08T16:52:07.962000Z</time>
      </trkpt>
      <trkpt lat="50.644777" lon="7.090181">
        <time>2026-05-08T16:52:10.104000Z</time>
      </trkpt>
      <trkpt lat="50.644351" lon="7.08942">
        <time>2026-05-08T16:52:25.088000Z</time>
      </trkpt>
      <trkpt lat="50.643627" lon="7.08825">
        <time>2026-05-08T16:52:44.579000Z</time>
      </trkpt>
      <trkpt lat="50.643795" lon="7.087787">
        <time>2026-05-08T16:52:50.136000Z</time>
      </trkpt>
      <trkpt lat="50.643984" lon="7.087264">
        <time>2026-05-08T16:52:56.118000Z</time>
      </trkpt>
      <trkpt lat="50.644214" lon="7.086702">
        <time>2026-05-08T16:53:02.376000Z</time>
      </trkpt>
      <trkpt lat="50.644293" lon="7.086504">
        <time>2026-05-08T16:53:04.497000Z</time>
      </trkpt>
      <trkpt lat="50.644852" lon="7.085217">
        <time>2026-05-08T16:53:17.656000Z</time>
      </trkpt>
      <trkpt lat="50.645082" lon="7.084678">
        <time>2026-05-08T16:53:22.789000Z</time>
      </trkpt>
      <trkpt lat="50.64557" lon="7.083583">
        <time>2026-05-08T16:53:33.217000Z</time>
      </trkpt>
      <trkpt lat="50.64563" lon="7.083455">
        <time>2026-05-08T16:53:34.412000Z</time>
      </trkpt>
      <trkpt lat="50.645687" lon="7.083348">
        <time>2026-05-08T16:53:35.460000Z</time>
      </trkpt>
      <trkpt lat="50.645953" lon="7.082851">
        <time>2026-05-08T16:53:40.326000Z</time>
      </trkpt>
      <trkpt lat="50.646147" lon="7.082482">
        <time>2026-05-08T16:53:43.944000Z</time>
      </trkpt>
      <trkpt lat="50.646216" lon="7.082342">
        <time>2026-05-08T16:53:45.297000Z</time>
      </trkpt>
      <trkpt lat="50.646404" lon="7.082117">
        <time>2026-05-08T16:53:48.167000Z</time>
      </trkpt>
      <trkpt lat="50.646801" lon="7.081888">
        <time>2026-05-08T16:53:53.371000Z</time>
      </trkpt>
      <trkpt lat="50.647771" lon="7.081798">
        <time>2026-05-08T16:54:05.842000Z</time>
      </trkpt>
      <trkpt lat="50.647953" lon="7.081821">
        <time>2026-05-08T16:54:08.366000Z</time>
      </trkpt>
      <trkpt lat="50.648343" lon="7.081943">
        <time>2026-05-08T16:54:13.979000Z</time>
      </trkpt>
      <trkpt lat="50.650034" lon="7.082471">
        <time>2026-05-08T16:54:38.009000Z</time>
      </trkpt>
      <trkpt lat="50.65025" lon="7.082471">
        <time>2026-05-08T16:54:40.652000Z</time>
      </trkpt>
      <trkpt lat="50.650713" lon="7.082333">
        <time>2026-05-08T16:54:46.091000Z</time>
      </trkpt>
      <trkpt lat="50.651932" lon="7.081831">
        <time>2026-05-08T16:55:00.359000Z</time>
      </trkpt>
      <trkpt lat="50.656287" lon="7.080044">
        <time>2026-05-08T16:56:12.673000Z</time>
      </trkpt>
      <trkpt lat="50.659438" lon="7.078758">
        <time>2026-05-08T16:56:56.085000Z</time>
      </trkpt>
      <trkpt lat="50.659546" lon="7.07871">
        <time>2026-05-08T16:56:57.558000Z</time>
      </trkpt>
      <trkpt lat="50.662736" lon="7.077394">
        <time>2026-05-08T16:57:40.380000Z</time>
      </trkpt>
      <trkpt lat="50.666333" lon="7.075916">
        <time>2026-05-08T16:58:23.375000Z</time>
      </trkpt>
      <trkpt lat="50.66784" lon="7.080565">
        <time>2026-05-08T16:59:09.497000Z</time>
      </trkpt>
      <trkpt lat="50.668508" lon="7.082625">
        <time>2026-05-08T16:59:31.535000Z</time>
      </trkpt>
      <trkpt lat="50.668555" lon="7.082766">
        <time>2026-05-08T16:59:33.400000Z</time>
      </trkpt>
      <trkpt lat="50.66901" lon="7.084142">
        <time>2026-05-08T16:59:54.547000Z</time>
      </trkpt>
      <trkpt lat="50.671328" lon="7.091059">
        <time>2026-05-08T17:01:48.287000Z</time>
      </trkpt>
      <trkpt lat="50.673628" lon="7.089299">
        <time>2026-05-08T17:02:41.557000Z</time>
      </trkpt>
      <trkpt lat="50.674622" lon="7.088755">
        <time>2026-05-08T17:03:00.386000Z</time>
      </trkpt>
      <trkpt lat="50.674862" lon="7.08866">
        <time>2026-05-08T17:03:04.307000Z</time>
      </trkpt>
      <trkpt lat="50.677544" lon="7.088061">
        <time>2026-05-08T17:03:41.453000Z</time>
      </trkpt>
      <trkpt lat="50.680327" lon="7.087457">
        <time>2026-05-08T17:04:16.915000Z</time>
      </trkpt>
      <trkpt lat="50.681324" lon="7.087225">
        <time>2026-05-08T17:04:33.316000Z</time>
      </trkpt>
      <trkpt lat="50.682161" lon="7.08704">
        <time>2026-05-08T17:04:47.613000Z</time>
      </trkpt>
      <trkpt lat="50.685855" lon="7.086231">
        <time>2026-05-08T17:05:39.319000Z</time>
      </trkpt>
      <trkpt lat="50.686776" lon="7.086011">
        <time>2026-05-08T17:05:51.369000Z</time>
      </trkpt>
      <trkpt lat="50.687722" lon="7.085806">
        <time>2026-05-08T17:06:02.564000Z</time>
      </trkpt>
      <trkpt lat="50.687891" lon="7.085768">
        <time>2026-05-08T17:06:04.485000Z</time>
      </trkpt>
      <trkpt lat="50.68804" lon="7.085734">
        <time>2026-05-08T17:06:06.162000Z</time>
      </trkpt>
      <trkpt lat="50.688236" lon="7.085683">
        <time>2026-05-08T17:06:08.390000Z</time>
      </trkpt>
      <trkpt lat="50.688369" lon="7.085651">
        <time>2026-05-08T17:06:09.905000Z</time>
      </trkpt>
      <trkpt lat="50.688457" lon="7.08563">
        <time>2026-05-08T17:06:10.909000Z</time>
      </trkpt>
      <trkpt lat="50.689639" lon="7.085355">
        <time>2026-05-08T17:06:24.348000Z</time>
      </trkpt>
      <trkpt lat="50.68968" lon="7.085346">
        <time>2026-05-08T17:06:24.816000Z</time>
      </trkpt>
      <trkpt lat="50.689756" lon="7.085331">
        <time>2026-05-08T17:06:25.674000Z</time>
      </trkpt>
      <trkpt lat="50.68979" lon="7.085325">
        <time>2026-05-08T17:06:26.058000Z</time>
      </trkpt>
      <trkpt lat="50.689844" lon="7.085315">
        <time>2026-05-08T17:06:26.689000Z</time>
      </trkpt>
      <trkpt lat="50.689917" lon="7.085299">
        <time>2026-05-08T17:06:27.516000Z</time>
      </trkpt>
      <trkpt lat="50.690544" lon="7.085156">
        <time>2026-05-08T17:06:34.895000Z</time>
      </trkpt>
      <trkpt lat="50.690894" lon="7.085103">
        <time>2026-05-08T17:06:39.044000Z</time>
      </trkpt>
      <trkpt lat="50.69097" lon="7.085304">
        <time>2026-05-08T17:06:40.771000Z</time>
      </trkpt>
      <trkpt lat="50.691256" lon="7.085646">
        <time>2026-05-08T17:06:45.094000Z</time>
      </trkpt>
      <trkpt lat="50.691451" lon="7.085875">
        <time>2026-05-08T17:06:48.172000Z</time>
      </trkpt>
      <trkpt lat="50.691784" lon="7.086184">
        <time>2026-05-08T17:06:53.201000Z</time>
      </trkpt>
      <trkpt lat="50.691909" lon="7.086302">
        <time>2026-05-08T17:06:55.067000Z</time>
      </trkpt>
      <trkpt lat="50.69259" lon="7.086891">
        <time>2026-05-08T17:07:04.494000Z</time>
      </trkpt>
      <trkpt lat="50.693139" lon="7.087152">
        <time>2026-05-08T17:07:11.289000Z</time>
      </trkpt>
      <trkpt lat="50.693224" lon="7.087216">
        <time>2026-05-08T17:07:12.378000Z</time>
      </trkpt>
      <trkpt lat="50.693352" lon="7.087392">
        <time>2026-05-08T17:07:14.359000Z</time>
      </trkpt>
      <trkpt lat="50.693561" lon="7.087768">
        <time>2026-05-08T17:07:18.024000Z</time>
      </trkpt>
      <trkpt lat="50.693717" lon="7.088072">
        <time>2026-05-08T17:07:20.925000Z</time>
      </trkpt>
      <trkpt lat="50.693804" lon="7.088254">
        <time>2026-05-08T17:07:22.656000Z</time>
      </trkpt>
      <trkpt lat="50.693942" lon="7.088571">
        <time>2026-05-08T17:07:25.638000Z</time>
      </trkpt>
      <trkpt lat="50.694045" lon="7.088865">
        <time>2026-05-08T17:07:28.468000Z</time>
      </trkpt>
      <trkpt lat="50.694094" lon="7.088998">
        <time>2026-05-08T17:07:29.808000Z</time>
      </trkpt>
      <trkpt lat="50.694206" lon="7.089308">
        <time>2026-05-08T17:07:33.165000Z</time>
      </trkpt>
      <trkpt lat="50.694333" lon="7.089573">
        <time>2026-05-08T17:07:36.401000Z</time>
      </trkpt>
      <trkpt lat="50.694701" lon="7.090106">
        <time>2026-05-08T17:07:44.634000Z</time>
      </trkpt>
      <trkpt lat="50.694744" lon="7.09027">
        <time>2026-05-08T17:07:46.595000Z</time>
      </trkpt>
      <trkpt lat="50.695282" lon="7.090798">
        <time>2026-05-08T17:07:57.372000Z</time>
      </trkpt>
      <trkpt lat="50.695653" lon="7.091162">
        <time>2026-05-08T17:08:03.923000Z</time>
      </trkpt>
      <trkpt lat="50.695949" lon="7.091389">
        <time>2026-05-08T17:08:08.374000Z</time>
      </trkpt>
      <trkpt lat="50.696194" lon="7.091499">
        <time>2026-05-08T17:08:11.653000Z</time>
      </trkpt>
      <trkpt lat="50.696493" lon="7.091579">
        <time>2026-05-08T17:08:15.442000Z</time>
      </trkpt>
      <trkpt lat="50.696534" lon="7.091525">
        <time>2026-05-08T17:08:19.476000Z</time>
      </trkpt>
      <trkpt lat="50.696885" lon="7.091632">
        <time>2026-05-08T17:08:23.794000Z</time>
      </trkpt>
      <trkpt lat="50.697143" lon="7.091759">
        <time>2026-05-08T17:08:27.030000Z</time>
      </trkpt>
      <trkpt lat="50.698347" lon="7.092604">
        <time>2026-05-08T17:08:44.207000Z</time>
      </trkpt>
      <trkpt lat="50.69862" lon="7.092801">
        <time>2026-05-08T17:08:49.118000Z</time>
      </trkpt>
      <trkpt lat="50.698931" lon="7.093024">
        <time>2026-05-08T17:08:55.179000Z</time>
      </trkpt>
      <trkpt lat="50.69901" lon="7.093081">
        <time>2026-05-08T17:08:56.777000Z</time>
      </trkpt>
      <trkpt lat="50.699036" lon="7.0931">
        <time>2026-05-08T17:08:57.320000Z</time>
      </trkpt>
      <trkpt lat="50.69906" lon="7.093117">
        <time>2026-05-08T17:08:57.807000Z</time>
      </trkpt>
      <trkpt lat="50.699314" lon="7.093296">
        <time>2026-05-08T17:09:03.198000Z</time>
      </trkpt>
      <trkpt lat="50.699793" lon="7.093635">
        <time>2026-05-08T17:09:14.210000Z</time>
      </trkpt>
      <trkpt lat="50.700223" lon="7.093921">
        <time>2026-05-08T17:09:24.321000Z</time>
      </trkpt>
      <trkpt lat="50.700931" lon="7.094401">
        <time>2026-05-08T17:09:39.833000Z</time>
      </trkpt>
      <trkpt lat="50.701527" lon="7.094804">
        <time>2026-05-08T17:09:51.478000Z</time>
      </trkpt>
      <trkpt lat="50.701741" lon="7.094953">
        <time>2026-05-08T17:09:55.340000Z</time>
      </trkpt>
      <trkpt lat="50.702194" lon="7.095262">
        <time>2026-05-08T17:10:02.444000Z</time>
      </trkpt>
      <trkpt lat="50.702422" lon="7.095432">
        <time>2026-05-08T17:10:05.788000Z</time>
      </trkpt>
      <trkpt lat="50.70273" lon="7.095722">
        <time>2026-05-08T17:10:10.382000Z</time>
      </trkpt>
      <trkpt lat="50.703352" lon="7.096311">
        <time>2026-05-08T17:10:19.878000Z</time>
      </trkpt>
      <trkpt lat="50.703437" lon="7.096399">
        <time>2026-05-08T17:10:21.233000Z</time>
      </trkpt>
      <trkpt lat="50.703504" lon="7.096464">
        <time>2026-05-08T17:10:22.283000Z</time>
      </trkpt>
      <trkpt lat="50.703903" lon="7.096838">
        <time>2026-05-08T17:10:28.446000Z</time>
      </trkpt>
      <trkpt lat="50.704333" lon="7.097278">
        <time>2026-05-08T17:10:35.551000Z</time>
      </trkpt>
      <trkpt lat="50.704727" lon="7.097677">
        <time>2026-05-08T17:10:42.083000Z</time>
      </trkpt>
      <trkpt lat="50.705217" lon="7.098059">
        <time>2026-05-08T17:10:49.148000Z</time>
      </trkpt>
      <trkpt lat="50.705594" lon="7.098281">
        <time>2026-05-08T17:10:54.186000Z</time>
      </trkpt>
      <trkpt lat="50.705656" lon="7.098322">
        <time>2026-05-08T17:10:55.021000Z</time>
      </trkpt>
      <trkpt lat="50.705822" lon="7.098009">
        <time>2026-05-08T17:10:58.275000Z</time>
      </trkpt>
      <trkpt lat="50.706028" lon="7.097774">
        <time>2026-05-08T17:11:01.359000Z</time>
      </trkpt>
      <trkpt lat="50.706097" lon="7.097734">
        <time>2026-05-08T17:11:02.217000Z</time>
      </trkpt>
      <trkpt lat="50.706333" lon="7.097667">
        <time>2026-05-08T17:11:04.960000Z</time>
      </trkpt>
      <trkpt lat="50.706802" lon="7.097591">
        <time>2026-05-08T17:11:10.062000Z</time>
      </trkpt>
      <trkpt lat="50.706883" lon="7.097509">
        <time>2026-05-08T17:11:11.089000Z</time>
      </trkpt>
      <trkpt lat="50.706964" lon="7.097271">
        <time>2026-05-08T17:11:12.903000Z</time>
      </trkpt>
      <trkpt lat="50.707026" lon="7.096865">
        <time>2026-05-08T17:11:15.705000Z</time>
      </trkpt>
      <trkpt lat="50.707054" lon="7.096684">
        <time>2026-05-08T17:11:16.933000Z</time>
      </trkpt>
      <trkpt lat="50.707156" lon="7.096096">
        <time>2026-05-08T17:11:20.920000Z</time>
      </trkpt>
      <trkpt lat="50.707248" lon="7.095794">
        <time>2026-05-08T17:11:23.080000Z</time>
      </trkpt>
      <trkpt lat="50.707405" lon="7.095468">
        <time>2026-05-08T17:11:25.715000Z</time>
      </trkpt>
      <trkpt lat="50.707652" lon="7.09513">
        <time>2026-05-08T17:11:29.073000Z</time>
      </trkpt>
      <trkpt lat="50.707885" lon="7.09492">
        <time>2026-05-08T17:11:31.803000Z</time>
      </trkpt>
      <trkpt lat="50.70847" lon="7.094593">
        <time>2026-05-08T17:11:37.949000Z</time>
      </trkpt>
      <trkpt lat="50.708794" lon="7.094414">
        <time>2026-05-08T17:11:41.260000Z</time>
      </trkpt>
      <trkpt lat="50.709115" lon="7.094147">
        <time>2026-05-08T17:11:44.688000Z</time>
      </trkpt>
      <trkpt lat="50.709322" lon="7.093898">
        <time>2026-05-08T17:11:47.112000Z</time>
      </trkpt>
      <trkpt lat="50.70985" lon="7.093101">
        <time>2026-05-08T17:11:53.851000Z</time>
      </trkpt>
      <trkpt lat="50.710178" lon="7.092792">
        <time>2026-05-08T17:11:57.430000Z</time>
      </trkpt>
      <trkpt lat="50.710402" lon="7.092641">
        <time>2026-05-08T17:11:59.736000Z</time>
      </trkpt>
      <trkpt lat="50.710694" lon="7.092534">
        <time>2026-05-08T17:12:02.606000Z</time>
      </trkpt>
      <trkpt lat="50.710993" lon="7.092509">
        <time>2026-05-08T17:12:05.509000Z</time>
      </trkpt>
      <trkpt lat="50.712147" lon="7.092749">
        <time>2026-05-08T17:12:16.818000Z</time>
      </trkpt>
      <trkpt lat="50.712571" lon="7.092807">
        <time>2026-05-08T17:12:20.869000Z</time>
      </trkpt>
      <trkpt lat="50.713003" lon="7.092918">
        <time>2026-05-08T17:12:24.985000Z</time>
      </trkpt>
      <trkpt lat="50.714091" lon="7.093334">
        <time>2026-05-08T17:12:35.350000Z</time>
      </trkpt>
      <trkpt lat="50.71432" lon="7.093357">
        <time>2026-05-08T17:12:37.487000Z</time>
      </trkpt>
      <trkpt lat="50.714539" lon="7.093278">
        <time>2026-05-08T17:12:39.559000Z</time>
      </trkpt>
      <trkpt lat="50.714729" lon="7.093135">
        <time>2026-05-08T17:12:41.489000Z</time>
      </trkpt>
      <trkpt lat="50.714859" lon="7.093015">
        <time>2026-05-08T17:12:42.863000Z</time>
      </trkpt>
      <trkpt lat="50.715155" lon="7.092654">
        <time>2026-05-08T17:12:46.231000Z</time>
      </trkpt>
      <trkpt lat="50.715204" lon="7.092571">
        <time>2026-05-08T17:12:46.876000Z</time>
      </trkpt>
      <trkpt lat="50.715358" lon="7.092172">
        <time>2026-05-08T17:12:49.523000Z</time>
      </trkpt>
      <trkpt lat="50.715528" lon="7.091531">
        <time>2026-05-08T17:12:53.467000Z</time>
      </trkpt>
      <trkpt lat="50.71561" lon="7.091116">
        <time>2026-05-08T17:12:55.932000Z</time>
      </trkpt>
      <trkpt lat="50.715623" lon="7.091064">
        <time>2026-05-08T17:12:56.248000Z</time>
      </trkpt>
      <trkpt lat="50.715684" lon="7.090877">
        <time>2026-05-08T17:12:57.444000Z</time>
      </trkpt>
      <trkpt lat="50.715849" lon="7.090532">
        <time>2026-05-08T17:12:59.934000Z</time>
      </trkpt>
      <trkpt lat="50.716002" lon="7.090322">
        <time>2026-05-08T17:13:01.812000Z</time>
      </trkpt>
      <trkpt lat="50.716169" lon="7.090166">
        <time>2026-05-08T17:13:03.627000Z</time>
      </trkpt>
      <trkpt lat="50.716397" lon="7.090065">
        <time>2026-05-08T17:13:05.890000Z</time>
      </trkpt>
      <trkpt lat="50.716716" lon="7.09009">
        <time>2026-05-08T17:13:09.037000Z</time>
      </trkpt>
      <trkpt lat="50.716965" lon="7.090248">
        <time>2026-05-08T17:13:11.811000Z</time>
      </trkpt>
      <trkpt lat="50.717083" lon="7.090376">
        <time>2026-05-08T17:13:13.402000Z</time>
      </trkpt>
      <trkpt lat="50.717311" lon="7.0907">
        <time>2026-05-08T17:13:17.221000Z</time>
      </trkpt>
      <trkpt lat="50.717422" lon="7.090905">
        <time>2026-05-08T17:13:19.275000Z</time>
      </trkpt>
      <trkpt lat="50.717477" lon="7.091024">
        <time>2026-05-08T17:13:20.258000Z</time>
      </trkpt>
      <trkpt lat="50.717519" lon="7.091123">
        <time>2026-05-08T17:13:21.020000Z</time>
      </trkpt>
      <trkpt lat="50.717757" lon="7.091813">
        <time>2026-05-08T17:13:25.892000Z</time>
      </trkpt>
      <trkpt lat="50.717817" lon="7.09201">
        <time>2026-05-08T17:13:27.219000Z</time>
      </trkpt>
      <trkpt lat="50.717876" lon="7.092163">
        <time>2026-05-08T17:13:28.302000Z</time>
      </trkpt>
      <trkpt lat="50.71792" lon="7.09205">
        <time>2026-05-08T17:13:29.099000Z</time>
      </trkpt>
      <trkpt lat="50.718056" lon="7.091932">
        <time>2026-05-08T17:13:30.547000Z</time>
      </trkpt>
      <trkpt lat="50.718137" lon="7.091845">
        <time>2026-05-08T17:13:31.446000Z</time>
      </trkpt>
      <trkpt lat="50.718171" lon="7.091753">
        <time>2026-05-08T17:13:32.076000Z</time>
      </trkpt>
      <trkpt lat="50.718194" lon="7.091596">
        <time>2026-05-08T17:13:33.015000Z</time>
      </trkpt>
      <trkpt lat="50.718192" lon="7.091357">
        <time>2026-05-08T17:13:34.386000Z</time>
      </trkpt>
      <trkpt lat="50.718215" lon="7.090923">
        <time>2026-05-08T17:13:36.845000Z</time>
      </trkpt>
      <trkpt lat="50.71822" lon="7.090847">
        <time>2026-05-08T17:13:37.275000Z</time>
      </trkpt>
      <trkpt lat="50.718237" lon="7.090621">
        <time>2026-05-08T17:13:38.539000Z</time>
      </trkpt>
      <trkpt lat="50.718318" lon="7.090145">
        <time>2026-05-08T17:13:41.298000Z</time>
      </trkpt>
      <trkpt lat="50.718569" lon="7.089341">
        <time>2026-05-08T17:13:46.507000Z</time>
      </trkpt>
      <trkpt lat="50.71863" lon="7.089076">
        <time>2026-05-08T17:13:48.165000Z</time>
      </trkpt>
      <trkpt lat="50.718656" lon="7.088896">
        <time>2026-05-08T17:13:49.253000Z</time>
      </trkpt>
      <trkpt lat="50.718671" lon="7.088667">
        <time>2026-05-08T17:13:50.618000Z</time>
      </trkpt>
      <trkpt lat="50.718672" lon="7.088595">
        <time>2026-05-08T17:13:51.051000Z</time>
      </trkpt>
      <trkpt lat="50.718672" lon="7.088529">
        <time>2026-05-08T17:13:51.452000Z</time>
      </trkpt>
      <trkpt lat="50.71863" lon="7.088072">
        <time>2026-05-08T17:13:54.315000Z</time>
      </trkpt>
      <trkpt lat="50.718578" lon="7.087765">
        <time>2026-05-08T17:13:56.416000Z</time>
      </trkpt>
      <trkpt lat="50.718445" lon="7.08696">
        <time>2026-05-08T17:14:02.783000Z</time>
      </trkpt>
      <trkpt lat="50.718416" lon="7.086771">
        <time>2026-05-08T17:14:04.273000Z</time>
      </trkpt>
      <trkpt lat="50.718328" lon="7.086081">
        <time>2026-05-08T17:14:09.571000Z</time>
      </trkpt>
      <trkpt lat="50.718294" lon="7.085822">
        <time>2026-05-08T17:14:11.426000Z</time>
      </trkpt>
      <trkpt lat="50.718358" lon="7.085755">
        <time>2026-05-08T17:14:12.241000Z</time>
      </trkpt>
      <trkpt lat="50.718522" lon="7.085719">
        <time>2026-05-08T17:14:14.011000Z</time>
      </trkpt>
      <trkpt lat="50.718648" lon="7.085712">
        <time>2026-05-08T17:14:15.353000Z</time>
      </trkpt>
      <trkpt lat="50.718858" lon="7.085769">
        <time>2026-05-08T17:14:17.600000Z</time>
      </trkpt>
      <trkpt lat="50.71911" lon="7.085958">
        <time>2026-05-08T17:14:20.446000Z</time>
      </trkpt>
      <trkpt lat="50.719359" lon="7.086261">
        <time>2026-05-08T17:14:23.477000Z</time>
      </trkpt>
      <trkpt lat="50.71944" lon="7.086374">
        <time>2026-05-08T17:14:24.488000Z</time>
      </trkpt>
      <trkpt lat="50.719705" lon="7.086743">
        <time>2026-05-08T17:14:27.854000Z</time>
      </trkpt>
      <trkpt lat="50.719718" lon="7.08676">
        <time>2026-05-08T17:14:28.021000Z</time>
      </trkpt>
      <trkpt lat="50.719931" lon="7.087026">
        <time>2026-05-08T17:14:30.632000Z</time>
      </trkpt>
      <trkpt lat="50.720145" lon="7.087193">
        <time>2026-05-08T17:14:32.972000Z</time>
      </trkpt>
      <trkpt lat="50.720547" lon="7.087337">
        <time>2026-05-08T17:14:37.178000Z</time>
      </trkpt>
      <trkpt lat="50.720569" lon="7.087345">
        <time>2026-05-08T17:14:37.408000Z</time>
      </trkpt>
      <trkpt lat="50.720621" lon="7.087366">
        <time>2026-05-08T17:14:37.970000Z</time>
      </trkpt>
      <trkpt lat="50.720851" lon="7.087517">
        <time>2026-05-08T17:14:40.577000Z</time>
      </trkpt>
      <trkpt lat="50.720962" lon="7.08762">
        <time>2026-05-08T17:14:41.921000Z</time>
      </trkpt>
      <trkpt lat="50.721277" lon="7.087985">
        <time>2026-05-08T17:14:46.062000Z</time>
      </trkpt>
      <trkpt lat="50.721538" lon="7.088169">
        <time>2026-05-08T17:14:49.211000Z</time>
      </trkpt>
      <trkpt lat="50.721627" lon="7.088231">
        <time>2026-05-08T17:14:50.291000Z</time>
      </trkpt>
      <trkpt lat="50.721933" lon="7.088446">
        <time>2026-05-08T17:14:54.020000Z</time>
      </trkpt>
      <trkpt lat="50.722027" lon="7.088512">
        <time>2026-05-08T17:14:55.153000Z</time>
      </trkpt>
      <trkpt lat="50.722135" lon="7.088579">
        <time>2026-05-08T17:14:56.418000Z</time>
      </trkpt>
      <trkpt lat="50.722247" lon="7.088652">
        <time>2026-05-08T17:14:57.746000Z</time>
      </trkpt>
      <trkpt lat="50.722571" lon="7.088856">
        <time>2026-05-08T17:15:01.775000Z</time>
      </trkpt>
      <trkpt lat="50.722937" lon="7.089094">
        <time>2026-05-08T17:15:06.787000Z</time>
      </trkpt>
      <trkpt lat="50.723135" lon="7.089231">
        <time>2026-05-08T17:15:09.687000Z</time>
      </trkpt>
      <trkpt lat="50.723163" lon="7.089249">
        <time>2026-05-08T17:15:10.074000Z</time>
      </trkpt>
      <trkpt lat="50.723586" lon="7.089555">
        <time>2026-05-08T17:15:15.942000Z</time>
      </trkpt>
      <trkpt lat="50.723681" lon="7.089626">
        <time>2026-05-08T17:15:17.217000Z</time>
      </trkpt>
      <trkpt lat="50.72411" lon="7.089942">
        <time>2026-05-08T17:15:22.921000Z</time>
      </trkpt>
      <trkpt lat="50.724237" lon="7.09003">
        <time>2026-05-08T17:15:24.688000Z</time>
      </trkpt>
      <trkpt lat="50.724543" lon="7.090276">
        <time>2026-05-08T17:15:29.239000Z</time>
      </trkpt>
      <trkpt lat="50.724612" lon="7.090332">
        <time>2026-05-08T17:15:30.320000Z</time>
      </trkpt>
      <trkpt lat="50.724683" lon="7.090389">
        <time>2026-05-08T17:15:31.368000Z</time>
      </trkpt>
      <trkpt lat="50.724873" lon="7.090617">
        <time>2026-05-08T17:15:34.513000Z</time>
      </trkpt>
      <trkpt lat="50.724947" lon="7.090719">
        <time>2026-05-08T17:15:35.758000Z</time>
      </trkpt>
      <trkpt lat="50.725137" lon="7.090956">
        <time>2026-05-08T17:15:38.881000Z</time>
      </trkpt>
      <trkpt lat="50.72546" lon="7.091361">
        <time>2026-05-08T17:15:44.378000Z</time>
      </trkpt>
      <trkpt lat="50.725619" lon="7.091559">
        <time>2026-05-08T17:15:47.457000Z</time>
      </trkpt>
      <trkpt lat="50.725666" lon="7.091618">
        <time>2026-05-08T17:15:48.442000Z</time>
      </trkpt>
      <trkpt lat="50.725714" lon="7.091677">
        <time>2026-05-08T17:15:49.484000Z</time>
      </trkpt>
      <trkpt lat="50.725741" lon="7.091711">
        <time>2026-05-08T17:15:50.045000Z</time>
      </trkpt>
      <trkpt lat="50.725873" lon="7.091868">
        <time>2026-05-08T17:15:53.062000Z</time>
      </trkpt>
      <trkpt lat="50.726209" lon="7.092264">
        <time>2026-05-08T17:16:01.067000Z</time>
      </trkpt>
      <trkpt lat="50.726316" lon="7.092391">
        <time>2026-05-08T17:16:03.392000Z</time>
      </trkpt>
      <trkpt lat="50.726361" lon="7.09244">
        <time>2026-05-08T17:16:04.291000Z</time>
      </trkpt>
      <trkpt lat="50.72641" lon="7.092487">
        <time>2026-05-08T17:16:05.218000Z</time>
      </trkpt>
      <trkpt lat="50.726422" lon="7.092498">
        <time>2026-05-08T17:16:05.448000Z</time>
      </trkpt>
      <trkpt lat="50.726551" lon="7.092617">
        <time>2026-05-08T17:16:07.846000Z</time>
      </trkpt>
      <trkpt lat="50.726658" lon="7.092709">
        <time>2026-05-08T17:16:09.804000Z</time>
      </trkpt>
      <trkpt lat="50.726784" lon="7.092818">
        <time>2026-05-08T17:16:12.104000Z</time>
      </trkpt>
      <trkpt lat="50.726971" lon="7.092987">
        <time>2026-05-08T17:16:15.483000Z</time>
      </trkpt>
      <trkpt lat="50.727204" lon="7.093205">
        <time>2026-05-08T17:16:19.705000Z</time>
      </trkpt>
      <trkpt lat="50.727803" lon="7.093759">
        <time>2026-05-08T17:16:30.149000Z</time>
      </trkpt>
      <trkpt lat="50.727955" lon="7.093899">
        <time>2026-05-08T17:16:32.598000Z</time>
      </trkpt>
      <trkpt lat="50.728063" lon="7.093999">
        <time>2026-05-08T17:16:34.344000Z</time>
      </trkpt>
      <trkpt lat="50.728194" lon="7.09412">
        <time>2026-05-08T17:16:36.394000Z</time>
      </trkpt>
      <trkpt lat="50.728308" lon="7.094222">
        <time>2026-05-08T17:16:38.091000Z</time>
      </trkpt>
      <trkpt lat="50.729017" lon="7.094875">
        <time>2026-05-08T17:16:48.734000Z</time>
      </trkpt>
      <trkpt lat="50.729057" lon="7.094907">
        <time>2026-05-08T17:16:49.333000Z</time>
      </trkpt>
      <trkpt lat="50.729294" lon="7.095011">
        <time>2026-05-08T17:16:52.573000Z</time>
      </trkpt>
      <trkpt lat="50.729393" lon="7.095027">
        <time>2026-05-08T17:16:53.891000Z</time>
      </trkpt>
      <trkpt lat="50.729468" lon="7.095031">
        <time>2026-05-08T17:16:54.888000Z</time>
      </trkpt>
    </trkseg>
  </trk>
</gpx>