<?xml version="1.0" encoding="UTF-8"?>
<gpx xmlns="http://www.topografix.com/GPX/1/1" xmlns:xsi="http://www.w3.org/2001/XMLSchema-instance" xsi:schemaLocation="http://www.topografix.com/GPX/1/1 http://www.topografix.com/GPX/1/1/gpx.xsd" version="1.1" creator="https://www.komoot.de">
  <metadata>
    <name>Sonntagsgravel 10.4.26 Ummigisbach</name>
    <author>
      <link href="https://www.komoot.de">
        <text>komoot</text>
        <type>text/html</type>
      </link>
    </author>
  </metadata>
  <wpt lat="50.768776" lon="7.219454">
    <name>Pleistal Cycle Path</name>
    <sym>Flag, Blue</sym>
  </wpt>
  <wpt lat="50.774625" lon="7.221437">
    <name>Pedestrian and bicycle bridge over the main road</name>
    <sym>Bridge</sym>
  </wpt>
  <wpt lat="50.803687" lon="7.175147">
    <name>Agger Weir near Troisdorf</name>
    <sym>Flag, Blue</sym>
  </wpt>
  <wpt lat="50.777509" lon="7.173432">
    <name>Skate Park at Sankt Augustiner Freibad</name>
    <sym>Flag, Blue</sym>
  </wpt>
  <wpt lat="50.776486" lon="7.164949">
    <name>Hangelarer Heide</name>
    <sym>Flag, Blue</sym>
  </wpt>
  <wpt lat="50.76932" lon="7.147025">
    <name>View of Ölberg and Hangelar Airfield</name>
    <sym>Flag, Blue</sym>
  </wpt>
  <wpt lat="50.749609" lon="7.111858">
    <name>Statue of Julius Caesar, Bonn</name>
    <sym>Flag, Blue</sym>
  </wpt>
  <trk>
    <name>Sonntagsgravel 10.4.26 Ummigisbach</name>
    <trkseg>
      <trkpt lat="50.734282" lon="7.104054">
        <ele>62.857638</ele>
        <time>2026-05-09T19:40:13.540000Z</time>
      </trkpt>
      <trkpt lat="50.734326" lon="7.103988">
        <ele>62.857638</ele>
        <time>2026-05-09T19:40:14.479000Z</time>
      </trkpt>
      <trkpt lat="50.734376" lon="7.103884">
        <ele>62.857638</ele>
        <time>2026-05-09T19:40:15.729000Z</time>
      </trkpt>
      <trkpt lat="50.734398" lon="7.103993">
        <ele>62.857638</ele>
        <time>2026-05-09T19:40:16.864000Z</time>
      </trkpt>
      <trkpt lat="50.73444" lon="7.104193">
        <ele>62.857638</ele>
        <time>2026-05-09T19:40:18.883000Z</time>
      </trkpt>
      <trkpt lat="50.734502" lon="7.104158">
        <ele>62.857638</ele>
        <time>2026-05-09T19:40:19.884000Z</time>
      </trkpt>
      <trkpt lat="50.734518" lon="7.104149">
        <ele>62.857638</ele>
        <time>2026-05-09T19:40:20.144000Z</time>
      </trkpt>
      <trkpt lat="50.734621" lon="7.104099">
        <ele>62.857638</ele>
        <time>2026-05-09T19:40:21.804000Z</time>
      </trkpt>
      <trkpt lat="50.734634" lon="7.104097">
        <ele>62.857638</ele>
        <time>2026-05-09T19:40:21.994000Z</time>
      </trkpt>
      <trkpt lat="50.734714" lon="7.104128">
        <ele>62.857638</ele>
        <time>2026-05-09T19:40:23.260000Z</time>
      </trkpt>
      <trkpt lat="50.734752" lon="7.10417">
        <ele>62.857638</ele>
        <time>2026-05-09T19:40:23.997000Z</time>
      </trkpt>
      <trkpt lat="50.734779" lon="7.104125">
        <ele>62.857638</ele>
        <time>2026-05-09T19:40:24.581000Z</time>
      </trkpt>
      <trkpt lat="50.734998" lon="7.104011">
        <ele>62.79418</ele>
        <time>2026-05-09T19:40:28.132000Z</time>
      </trkpt>
      <trkpt lat="50.735062" lon="7.104058">
        <ele>62.708044</ele>
        <time>2026-05-09T19:40:29.216000Z</time>
      </trkpt>
      <trkpt lat="50.735112" lon="7.103997">
        <ele>62.630946</ele>
        <time>2026-05-09T19:40:30.147000Z</time>
      </trkpt>
      <trkpt lat="50.735193" lon="7.103887">
        <ele>62.50059</ele>
        <time>2026-05-09T19:40:31.692000Z</time>
      </trkpt>
      <trkpt lat="50.735205" lon="7.103872">
        <ele>62.481915</ele>
        <time>2026-05-09T19:40:31.906000Z</time>
      </trkpt>
      <trkpt lat="50.735244" lon="7.10382">
        <ele>62.419633</ele>
        <time>2026-05-09T19:40:32.655000Z</time>
      </trkpt>
      <trkpt lat="50.735328" lon="7.103957">
        <ele>62.272292</ele>
        <time>2026-05-09T19:40:34.335000Z</time>
      </trkpt>
      <trkpt lat="50.73552" lon="7.104395">
        <ele>61.860736</ele>
        <time>2026-05-09T19:40:39.102000Z</time>
      </trkpt>
      <trkpt lat="50.735547" lon="7.104471">
        <ele>61.793414</ele>
        <time>2026-05-09T19:40:39.872000Z</time>
      </trkpt>
      <trkpt lat="50.735681" lon="7.104889">
        <ele>61.431478</ele>
        <time>2026-05-09T19:40:44.142000Z</time>
      </trkpt>
      <trkpt lat="50.73573" lon="7.105041">
        <ele>61.299714</ele>
        <time>2026-05-09T19:40:45.778000Z</time>
      </trkpt>
      <trkpt lat="50.735778" lon="7.105198">
        <ele>61.165033</ele>
        <time>2026-05-09T19:40:47.444000Z</time>
      </trkpt>
      <trkpt lat="50.735939" lon="7.105724">
        <ele>60.71371</ele>
        <time>2026-05-09T19:40:53.026000Z</time>
      </trkpt>
      <trkpt lat="50.736045" lon="7.106103">
        <ele>60.318783</ele>
        <time>2026-05-09T19:40:56.662000Z</time>
      </trkpt>
      <trkpt lat="50.736138" lon="7.106072">
        <ele>60.170471</ele>
        <time>2026-05-09T19:40:58Z</time>
      </trkpt>
      <trkpt lat="50.7366" lon="7.105918">
        <ele>59.433695</ele>
        <time>2026-05-09T19:41:04.672000Z</time>
      </trkpt>
      <trkpt lat="50.736871" lon="7.10584">
        <ele>59.003866</ele>
        <time>2026-05-09T19:41:08.643000Z</time>
      </trkpt>
      <trkpt lat="50.737002" lon="7.105805">
        <ele>58.79655</ele>
        <time>2026-05-09T19:41:10.502000Z</time>
      </trkpt>
      <trkpt lat="50.737078" lon="7.105784">
        <ele>58.67616</ele>
        <time>2026-05-09T19:41:11.536000Z</time>
      </trkpt>
      <trkpt lat="50.737277" lon="7.105735">
        <ele>58.361891</ele>
        <time>2026-05-09T19:41:14.374000Z</time>
      </trkpt>
      <trkpt lat="50.737458" lon="7.105687">
        <ele>58.075507</ele>
        <time>2026-05-09T19:41:16.946000Z</time>
      </trkpt>
      <trkpt lat="50.737453" lon="7.105742">
        <ele>58.020634</ele>
        <time>2026-05-09T19:41:17.421000Z</time>
      </trkpt>
      <trkpt lat="50.737447" lon="7.105809">
        <ele>57.95381</ele>
        <time>2026-05-09T19:41:18.076000Z</time>
      </trkpt>
      <trkpt lat="50.737496" lon="7.106241">
        <ele>57.509902</ele>
        <time>2026-05-09T19:41:22.549000Z</time>
      </trkpt>
      <trkpt lat="50.73757" lon="7.106414">
        <ele>57.297245</ele>
        <time>2026-05-09T19:41:24.689000Z</time>
      </trkpt>
      <trkpt lat="50.73765" lon="7.106707">
        <ele>56.97226</ele>
        <time>2026-05-09T19:41:27.943000Z</time>
      </trkpt>
      <trkpt lat="50.738118" lon="7.110063">
        <ele>53.991579</ele>
        <time>2026-05-09T19:42:02.477000Z</time>
      </trkpt>
      <trkpt lat="50.738574" lon="7.11341">
        <ele>53.254184</ele>
        <time>2026-05-09T19:42:39.988000Z</time>
      </trkpt>
      <trkpt lat="50.738727" lon="7.114479">
        <ele>53.61513</ele>
        <time>2026-05-09T19:42:58.648000Z</time>
      </trkpt>
      <trkpt lat="50.738756" lon="7.114711">
        <ele>53.846702</ele>
        <time>2026-05-09T19:43:02.823000Z</time>
      </trkpt>
      <trkpt lat="50.738828" lon="7.115368">
        <ele>54.499633</ele>
        <time>2026-05-09T19:43:14.980000Z</time>
      </trkpt>
      <trkpt lat="50.738864" lon="7.115763">
        <ele>54.89042</ele>
        <time>2026-05-09T19:43:22.395000Z</time>
      </trkpt>
      <trkpt lat="50.738846" lon="7.115885">
        <ele>55.01309</ele>
        <time>2026-05-09T19:43:24.709000Z</time>
      </trkpt>
      <trkpt lat="50.738869" lon="7.115957">
        <ele>55.092068</ele>
        <time>2026-05-09T19:43:26.188000Z</time>
      </trkpt>
      <trkpt lat="50.738722" lon="7.116125">
        <ele>55.372782</ele>
        <time>2026-05-09T19:43:31.025000Z</time>
      </trkpt>
      <trkpt lat="50.738415" lon="7.116284">
        <ele>55.872675</ele>
        <time>2026-05-09T19:43:38.909000Z</time>
      </trkpt>
      <trkpt lat="50.738545" lon="7.11684">
        <ele>56.111771</ele>
        <time>2026-05-09T19:43:48.700000Z</time>
      </trkpt>
      <trkpt lat="50.738653" lon="7.117344">
        <ele>56.119223</ele>
        <time>2026-05-09T19:43:56.172000Z</time>
      </trkpt>
      <trkpt lat="50.73825" lon="7.117889">
        <ele>56.130962</ele>
        <time>2026-05-09T19:44:05.253000Z</time>
      </trkpt>
      <trkpt lat="50.738183" lon="7.117998">
        <ele>56.13309</ele>
        <time>2026-05-09T19:44:06.950000Z</time>
      </trkpt>
      <trkpt lat="50.738274" lon="7.11865">
        <ele>56.142441</ele>
        <time>2026-05-09T19:44:14.060000Z</time>
      </trkpt>
      <trkpt lat="50.738253" lon="7.118754">
        <ele>56.14397</ele>
        <time>2026-05-09T19:44:15.219000Z</time>
      </trkpt>
      <trkpt lat="50.738164" lon="7.118934">
        <ele>56.155336</ele>
        <time>2026-05-09T19:44:17.620000Z</time>
      </trkpt>
      <trkpt lat="50.738775" lon="7.120867">
        <ele>56.637707</ele>
        <time>2026-05-09T19:44:43.963000Z</time>
      </trkpt>
      <trkpt lat="50.738824" lon="7.121005">
        <ele>56.673033</ele>
        <time>2026-05-09T19:44:46.193000Z</time>
      </trkpt>
      <trkpt lat="50.739223" lon="7.12212">
        <ele>56.925823</ele>
        <time>2026-05-09T19:45:03.865000Z</time>
      </trkpt>
      <trkpt lat="50.739306" lon="7.122337">
        <ele>56.971873</ele>
        <time>2026-05-09T19:45:07.232000Z</time>
      </trkpt>
      <trkpt lat="50.739652" lon="7.123387">
        <ele>57.186875</ele>
        <time>2026-05-09T19:45:21.300000Z</time>
      </trkpt>
      <trkpt lat="50.739665" lon="7.123482">
        <ele>57.204527</ele>
        <time>2026-05-09T19:45:22.368000Z</time>
      </trkpt>
      <trkpt lat="50.739806" lon="7.123584">
        <ele>57.249031</ele>
        <time>2026-05-09T19:45:25.869000Z</time>
      </trkpt>
      <trkpt lat="50.739778" lon="7.123829">
        <ele>57.294246</ele>
        <time>2026-05-09T19:45:29.227000Z</time>
      </trkpt>
      <trkpt lat="50.739857" lon="7.124539">
        <ele>57.36263</ele>
        <time>2026-05-09T19:45:39.092000Z</time>
      </trkpt>
      <trkpt lat="50.740001" lon="7.12568">
        <ele>57.470591</ele>
        <time>2026-05-09T19:45:55.399000Z</time>
      </trkpt>
      <trkpt lat="50.740023" lon="7.125948">
        <ele>57.495668</ele>
        <time>2026-05-09T19:45:59.315000Z</time>
      </trkpt>
      <trkpt lat="50.739992" lon="7.126215">
        <ele>57.520857</ele>
        <time>2026-05-09T19:46:03.365000Z</time>
      </trkpt>
      <trkpt lat="50.739765" lon="7.126339">
        <ele>57.556074</ele>
        <time>2026-05-09T19:46:09.629000Z</time>
      </trkpt>
      <trkpt lat="50.739779" lon="7.126433">
        <ele>57.586135</ele>
        <time>2026-05-09T19:46:11.272000Z</time>
      </trkpt>
      <trkpt lat="50.739846" lon="7.126601">
        <ele>57.701552</ele>
        <time>2026-05-09T19:46:14.229000Z</time>
      </trkpt>
      <trkpt lat="50.739869" lon="7.126624">
        <ele>57.72655</ele>
        <time>2026-05-09T19:46:14.959000Z</time>
      </trkpt>
      <trkpt lat="50.740043" lon="7.126518">
        <ele>57.897821</ele>
        <time>2026-05-09T19:46:19.858000Z</time>
      </trkpt>
      <trkpt lat="50.740115" lon="7.126894">
        <ele>58.126144</ele>
        <time>2026-05-09T19:46:25.671000Z</time>
      </trkpt>
      <trkpt lat="50.740154" lon="7.127023">
        <ele>58.209237</ele>
        <time>2026-05-09T19:46:28.053000Z</time>
      </trkpt>
      <trkpt lat="50.740168" lon="7.127145">
        <ele>58.281302</ele>
        <time>2026-05-09T19:46:30.127000Z</time>
      </trkpt>
      <trkpt lat="50.740182" lon="7.127272">
        <ele>58.356227</ele>
        <time>2026-05-09T19:46:32.258000Z</time>
      </trkpt>
      <trkpt lat="50.7402" lon="7.127377">
        <ele>58.419454</ele>
        <time>2026-05-09T19:46:33.745000Z</time>
      </trkpt>
      <trkpt lat="50.740245" lon="7.12761">
        <ele>58.561044</ele>
        <time>2026-05-09T19:46:37.122000Z</time>
      </trkpt>
      <trkpt lat="50.740357" lon="7.12819">
        <ele>58.913492</ele>
        <time>2026-05-09T19:46:45.600000Z</time>
      </trkpt>
      <trkpt lat="50.740439" lon="7.128577">
        <ele>59.150694</ele>
        <time>2026-05-09T19:46:51.634000Z</time>
      </trkpt>
      <trkpt lat="50.740582" lon="7.129272">
        <ele>59.580598</ele>
        <time>2026-05-09T19:47:02.645000Z</time>
      </trkpt>
      <trkpt lat="50.740661" lon="7.12965">
        <ele>59.815252</ele>
        <time>2026-05-09T19:47:08.320000Z</time>
      </trkpt>
      <trkpt lat="50.740745" lon="7.130059">
        <ele>60.068721</ele>
        <time>2026-05-09T19:47:14.444000Z</time>
      </trkpt>
      <trkpt lat="50.740868" lon="7.130682">
        <ele>60.453412</ele>
        <time>2026-05-09T19:47:23.920000Z</time>
      </trkpt>
      <trkpt lat="50.740936" lon="7.131022">
        <ele>60.6636</ele>
        <time>2026-05-09T19:47:28.752000Z</time>
      </trkpt>
      <trkpt lat="50.740997" lon="7.131326">
        <ele>60.851588</ele>
        <time>2026-05-09T19:47:32.869000Z</time>
      </trkpt>
      <trkpt lat="50.741102" lon="7.131753">
        <ele>60.952541</ele>
        <time>2026-05-09T19:47:38.427000Z</time>
      </trkpt>
      <trkpt lat="50.741213" lon="7.132022">
        <ele>61.004645</ele>
        <time>2026-05-09T19:47:42.172000Z</time>
      </trkpt>
      <trkpt lat="50.741568" lon="7.132702">
        <ele>61.147672</ele>
        <time>2026-05-09T19:47:52.597000Z</time>
      </trkpt>
      <trkpt lat="50.741743" lon="7.133041">
        <ele>61.218653</ele>
        <time>2026-05-09T19:47:58.072000Z</time>
      </trkpt>
      <trkpt lat="50.741889" lon="7.133321">
        <ele>61.277517</ele>
        <time>2026-05-09T19:48:02.333000Z</time>
      </trkpt>
      <trkpt lat="50.742084" lon="7.133693">
        <ele>61.342378</ele>
        <time>2026-05-09T19:48:07.825000Z</time>
      </trkpt>
      <trkpt lat="50.742237" lon="7.133985">
        <ele>61.274282</ele>
        <time>2026-05-09T19:48:12.355000Z</time>
      </trkpt>
      <trkpt lat="50.742323" lon="7.134195">
        <ele>61.229351</ele>
        <time>2026-05-09T19:48:15.392000Z</time>
      </trkpt>
      <trkpt lat="50.742406" lon="7.134406">
        <ele>61.184725</ele>
        <time>2026-05-09T19:48:18.400000Z</time>
      </trkpt>
      <trkpt lat="50.742377" lon="7.13472">
        <ele>61.127726</ele>
        <time>2026-05-09T19:48:22.067000Z</time>
      </trkpt>
      <trkpt lat="50.742369" lon="7.134913">
        <ele>61.092985</ele>
        <time>2026-05-09T19:48:24.187000Z</time>
      </trkpt>
      <trkpt lat="50.742365" lon="7.135196">
        <ele>61.042139</ele>
        <time>2026-05-09T19:48:27.187000Z</time>
      </trkpt>
      <trkpt lat="50.742372" lon="7.135689">
        <ele>60.953563</ele>
        <time>2026-05-09T19:48:32.283000Z</time>
      </trkpt>
      <trkpt lat="50.742375" lon="7.136274">
        <ele>60.848481</ele>
        <time>2026-05-09T19:48:38.190000Z</time>
      </trkpt>
      <trkpt lat="50.74238" lon="7.136653">
        <ele>60.820452</ele>
        <time>2026-05-09T19:48:41.983000Z</time>
      </trkpt>
      <trkpt lat="50.742383" lon="7.137075">
        <ele>60.79652</ele>
        <time>2026-05-09T19:48:46.290000Z</time>
      </trkpt>
      <trkpt lat="50.742389" lon="7.1373">
        <ele>60.78375</ele>
        <time>2026-05-09T19:48:48.632000Z</time>
      </trkpt>
      <trkpt lat="50.742392" lon="7.137458">
        <ele>60.774787</ele>
        <time>2026-05-09T19:48:50.327000Z</time>
      </trkpt>
      <trkpt lat="50.742407" lon="7.138073">
        <ele>60.739887</ele>
        <time>2026-05-09T19:48:57.147000Z</time>
      </trkpt>
      <trkpt lat="50.742421" lon="7.138863">
        <ele>60.695072</ele>
        <time>2026-05-09T19:49:07.255000Z</time>
      </trkpt>
      <trkpt lat="50.742433" lon="7.139332">
        <ele>60.809209</ele>
        <time>2026-05-09T19:49:13.264000Z</time>
      </trkpt>
      <trkpt lat="50.742445" lon="7.139746">
        <ele>61.141269</ele>
        <time>2026-05-09T19:49:18.670000Z</time>
      </trkpt>
      <trkpt lat="50.742465" lon="7.1409">
        <ele>62.066245</ele>
        <time>2026-05-09T19:49:35.231000Z</time>
      </trkpt>
      <trkpt lat="50.742469" lon="7.14118">
        <ele>62.290649</ele>
        <time>2026-05-09T19:49:39.591000Z</time>
      </trkpt>
      <trkpt lat="50.742473" lon="7.141406">
        <ele>62.471799</ele>
        <time>2026-05-09T19:49:43.186000Z</time>
      </trkpt>
      <trkpt lat="50.742485" lon="7.141891">
        <ele>62.860697</ele>
        <time>2026-05-09T19:49:51.311000Z</time>
      </trkpt>
      <trkpt lat="50.742528" lon="7.143774">
        <ele>65.301302</ele>
        <time>2026-05-09T19:50:25.245000Z</time>
      </trkpt>
      <trkpt lat="50.742543" lon="7.144578">
        <ele>66.369678</ele>
        <time>2026-05-09T19:50:39.194000Z</time>
      </trkpt>
      <trkpt lat="50.742565" lon="7.145767">
        <ele>67.84344</ele>
        <time>2026-05-09T19:50:58.497000Z</time>
      </trkpt>
      <trkpt lat="50.742573" lon="7.14614">
        <ele>68.29598</ele>
        <time>2026-05-09T19:51:04.596000Z</time>
      </trkpt>
      <trkpt lat="50.742576" lon="7.146341">
        <ele>68.539769</ele>
        <time>2026-05-09T19:51:07.928000Z</time>
      </trkpt>
      <trkpt lat="50.742589" lon="7.146883">
        <ele>69.197441</ele>
        <time>2026-05-09T19:51:17.067000Z</time>
      </trkpt>
      <trkpt lat="50.742594" lon="7.147147">
        <ele>69.517697</ele>
        <time>2026-05-09T19:51:21.501000Z</time>
      </trkpt>
      <trkpt lat="50.742601" lon="7.14743">
        <ele>69.861109</ele>
        <time>2026-05-09T19:51:26.298000Z</time>
      </trkpt>
      <trkpt lat="50.742604" lon="7.147829">
        <ele>70.38583</ele>
        <time>2026-05-09T19:51:33.133000Z</time>
      </trkpt>
      <trkpt lat="50.742561" lon="7.148312">
        <ele>71.121144</ele>
        <time>2026-05-09T19:51:41.996000Z</time>
      </trkpt>
      <trkpt lat="50.742511" lon="7.148526">
        <ele>71.465046</ele>
        <time>2026-05-09T19:51:46.122000Z</time>
      </trkpt>
      <trkpt lat="50.742363" lon="7.14894">
        <ele>72.181878</ele>
        <time>2026-05-09T19:51:54.422000Z</time>
      </trkpt>
      <trkpt lat="50.742343" lon="7.148991">
        <ele>72.272329</ele>
        <time>2026-05-09T19:51:55.460000Z</time>
      </trkpt>
      <trkpt lat="50.742175" lon="7.149411">
        <ele>73.02139</ele>
        <time>2026-05-09T19:52:04.060000Z</time>
      </trkpt>
      <trkpt lat="50.742009" lon="7.149759">
        <ele>73.678375</ele>
        <time>2026-05-09T19:52:12.029000Z</time>
      </trkpt>
      <trkpt lat="50.741964" lon="7.149859">
        <ele>73.863362</ele>
        <time>2026-05-09T19:52:14.407000Z</time>
      </trkpt>
      <trkpt lat="50.741833" lon="7.15015">
        <ele>74.401744</ele>
        <time>2026-05-09T19:52:21.444000Z</time>
      </trkpt>
      <trkpt lat="50.741723" lon="7.150383">
        <ele>74.907065</ele>
        <time>2026-05-09T19:52:26.991000Z</time>
      </trkpt>
      <trkpt lat="50.741225" lon="7.15149">
        <ele>77.317897</ele>
        <time>2026-05-09T19:52:52.493000Z</time>
      </trkpt>
      <trkpt lat="50.741096" lon="7.151775">
        <ele>77.939859</ele>
        <time>2026-05-09T19:52:59.182000Z</time>
      </trkpt>
      <trkpt lat="50.740866" lon="7.152159">
        <ele>78.878358</ele>
        <time>2026-05-09T19:53:09.727000Z</time>
      </trkpt>
      <trkpt lat="50.740832" lon="7.152216">
        <ele>79.017396</ele>
        <time>2026-05-09T19:53:11.319000Z</time>
      </trkpt>
      <trkpt lat="50.740594" lon="7.152627">
        <ele>80.071422</ele>
        <time>2026-05-09T19:53:22.656000Z</time>
      </trkpt>
      <trkpt lat="50.740059" lon="7.153372">
        <ele>82.33253</ele>
        <time>2026-05-09T19:53:45.528000Z</time>
      </trkpt>
      <trkpt lat="50.739931" lon="7.153539">
        <ele>82.858863</ele>
        <time>2026-05-09T19:53:50.859000Z</time>
      </trkpt>
      <trkpt lat="50.739839" lon="7.153667">
        <ele>83.247541</ele>
        <time>2026-05-09T19:53:54.805000Z</time>
      </trkpt>
      <trkpt lat="50.73927" lon="7.154489">
        <ele>85.818552</ele>
        <time>2026-05-09T19:54:19.587000Z</time>
      </trkpt>
      <trkpt lat="50.73897" lon="7.155174">
        <ele>87.928666</ele>
        <time>2026-05-09T19:54:37.615000Z</time>
      </trkpt>
      <trkpt lat="50.738849" lon="7.155536">
        <ele>88.965677</ele>
        <time>2026-05-09T19:54:47.721000Z</time>
      </trkpt>
      <trkpt lat="50.738727" lon="7.156054">
        <ele>90.365727</ele>
        <time>2026-05-09T19:55:01.827000Z</time>
      </trkpt>
      <trkpt lat="50.738669" lon="7.156404">
        <ele>91.282193</ele>
        <time>2026-05-09T19:55:11.255000Z</time>
      </trkpt>
      <trkpt lat="50.73863" lon="7.156876">
        <ele>92.478868</ele>
        <time>2026-05-09T19:55:24.050000Z</time>
      </trkpt>
      <trkpt lat="50.738542" lon="7.160182">
        <ele>99.335684</ele>
        <time>2026-05-09T19:56:38.459000Z</time>
      </trkpt>
      <trkpt lat="50.738633" lon="7.16027">
        <ele>99.52499</ele>
        <time>2026-05-09T19:56:40.799000Z</time>
      </trkpt>
      <trkpt lat="50.738723" lon="7.160551">
        <ele>99.878642</ele>
        <time>2026-05-09T19:56:45.359000Z</time>
      </trkpt>
      <trkpt lat="50.738804" lon="7.160795">
        <ele>100.188043</ele>
        <time>2026-05-09T19:56:49.114000Z</time>
      </trkpt>
      <trkpt lat="50.738864" lon="7.161518">
        <ele>101.006868</ele>
        <time>2026-05-09T19:56:58.596000Z</time>
      </trkpt>
      <trkpt lat="50.739018" lon="7.164155">
        <ele>102.934956</ele>
        <time>2026-05-09T19:57:40.213000Z</time>
      </trkpt>
      <trkpt lat="50.739079" lon="7.165449">
        <ele>103.462539</ele>
        <time>2026-05-09T19:57:54.332000Z</time>
      </trkpt>
      <trkpt lat="50.739106" lon="7.165812">
        <ele>103.40525</ele>
        <time>2026-05-09T19:57:57.389000Z</time>
      </trkpt>
      <trkpt lat="50.739193" lon="7.165942">
        <ele>103.375593</ele>
        <time>2026-05-09T19:57:58.892000Z</time>
      </trkpt>
      <trkpt lat="50.74017" lon="7.166704">
        <ele>103.105739</ele>
        <time>2026-05-09T19:58:14.266000Z</time>
      </trkpt>
      <trkpt lat="50.740053" lon="7.166964">
        <ele>103.059078</ele>
        <time>2026-05-09T19:58:22.144000Z</time>
      </trkpt>
      <trkpt lat="50.739376" lon="7.16884">
        <ele>110.664979</ele>
        <time>2026-05-09T19:59:47.961000Z</time>
      </trkpt>
      <trkpt lat="50.73933" lon="7.169194">
        <ele>111.937765</ele>
        <time>2026-05-09T20:00:03.530000Z</time>
      </trkpt>
      <trkpt lat="50.739354" lon="7.169566">
        <ele>113.194503</ele>
        <time>2026-05-09T20:00:19.040000Z</time>
      </trkpt>
      <trkpt lat="50.73962" lon="7.169623">
        <ele>114.212296</ele>
        <time>2026-05-09T20:00:30.936000Z</time>
      </trkpt>
      <trkpt lat="50.740018" lon="7.169909">
        <ele>115.870058</ele>
        <time>2026-05-09T20:00:48.819000Z</time>
      </trkpt>
      <trkpt lat="50.740209" lon="7.170255">
        <ele>116.971744</ele>
        <time>2026-05-09T20:00:59.089000Z</time>
      </trkpt>
      <trkpt lat="50.740341" lon="7.170574">
        <ele>117.886274</ele>
        <time>2026-05-09T20:01:06.875000Z</time>
      </trkpt>
      <trkpt lat="50.740423" lon="7.171033">
        <ele>119.030665</ele>
        <time>2026-05-09T20:01:17.118000Z</time>
      </trkpt>
      <trkpt lat="50.740441" lon="7.171132">
        <ele>119.27782</ele>
        <time>2026-05-09T20:01:19.416000Z</time>
      </trkpt>
      <trkpt lat="50.740431" lon="7.171453">
        <ele>119.739284</ele>
        <time>2026-05-09T20:01:25.550000Z</time>
      </trkpt>
      <trkpt lat="50.74034" lon="7.17195">
        <ele>118.62927</ele>
        <time>2026-05-09T20:01:32.528000Z</time>
      </trkpt>
      <trkpt lat="50.740087" lon="7.172843">
        <ele>116.530158</ele>
        <time>2026-05-09T20:01:42.446000Z</time>
      </trkpt>
      <trkpt lat="50.740611" lon="7.172903">
        <ele>114.749039</ele>
        <time>2026-05-09T20:01:49.339000Z</time>
      </trkpt>
      <trkpt lat="50.740851" lon="7.17299">
        <ele>113.914259</ele>
        <time>2026-05-09T20:01:52.399000Z</time>
      </trkpt>
      <trkpt lat="50.741015" lon="7.173117">
        <ele>112.525647</ele>
        <time>2026-05-09T20:01:54.623000Z</time>
      </trkpt>
      <trkpt lat="50.741187" lon="7.173308">
        <ele>110.699794</ele>
        <time>2026-05-09T20:01:57.167000Z</time>
      </trkpt>
      <trkpt lat="50.741451" lon="7.173689">
        <ele>107.594524</ele>
        <time>2026-05-09T20:02:01.441000Z</time>
      </trkpt>
      <trkpt lat="50.741609" lon="7.173941">
        <ele>105.64477</ele>
        <time>2026-05-09T20:02:04.106000Z</time>
      </trkpt>
      <trkpt lat="50.74177" lon="7.174115">
        <ele>103.950678</ele>
        <time>2026-05-09T20:02:06.439000Z</time>
      </trkpt>
      <trkpt lat="50.742063" lon="7.174324">
        <ele>101.158626</ele>
        <time>2026-05-09T20:02:09.846000Z</time>
      </trkpt>
      <trkpt lat="50.742504" lon="7.174638">
        <ele>97.733882</ele>
        <time>2026-05-09T20:02:15.126000Z</time>
      </trkpt>
      <trkpt lat="50.743008" lon="7.175001">
        <ele>96.013941</ele>
        <time>2026-05-09T20:02:21.815000Z</time>
      </trkpt>
      <trkpt lat="50.743036" lon="7.175021">
        <ele>95.918524</ele>
        <time>2026-05-09T20:02:22.203000Z</time>
      </trkpt>
      <trkpt lat="50.743111" lon="7.175106">
        <ele>95.631927</ele>
        <time>2026-05-09T20:02:23.506000Z</time>
      </trkpt>
      <trkpt lat="50.74319" lon="7.175285">
        <ele>95.203094</ele>
        <time>2026-05-09T20:02:25.315000Z</time>
      </trkpt>
      <trkpt lat="50.743288" lon="7.175611">
        <ele>94.493894</ele>
        <time>2026-05-09T20:02:28.594000Z</time>
      </trkpt>
      <trkpt lat="50.743356" lon="7.175712">
        <ele>94.204107</ele>
        <time>2026-05-09T20:02:30.163000Z</time>
      </trkpt>
      <trkpt lat="50.743404" lon="7.175784">
        <ele>93.9986</ele>
        <time>2026-05-09T20:02:31.385000Z</time>
      </trkpt>
      <trkpt lat="50.743616" lon="7.175954">
        <ele>93.26038</ele>
        <time>2026-05-09T20:02:36.193000Z</time>
      </trkpt>
      <trkpt lat="50.743201" lon="7.177261">
        <ele>94.041936</ele>
        <time>2026-05-09T20:02:58.042000Z</time>
      </trkpt>
      <trkpt lat="50.743154" lon="7.177446">
        <ele>94.302881</ele>
        <time>2026-05-09T20:03:01.736000Z</time>
      </trkpt>
      <trkpt lat="50.743595" lon="7.177685">
        <ele>95.267255</ele>
        <time>2026-05-09T20:03:16.114000Z</time>
      </trkpt>
      <trkpt lat="50.743709" lon="7.177633">
        <ele>95.512694</ele>
        <time>2026-05-09T20:03:19.674000Z</time>
      </trkpt>
      <trkpt lat="50.743612" lon="7.178004">
        <ele>96.038132</ele>
        <time>2026-05-09T20:03:27.891000Z</time>
      </trkpt>
      <trkpt lat="50.743237" lon="7.17906">
        <ele>98.480851</ele>
        <time>2026-05-09T20:03:52.852000Z</time>
      </trkpt>
      <trkpt lat="50.742986" lon="7.180074">
        <ele>100.830741</ele>
        <time>2026-05-09T20:04:19.694000Z</time>
      </trkpt>
      <trkpt lat="50.742488" lon="7.181514">
        <ele>105.70723</ele>
        <time>2026-05-09T20:04:56.705000Z</time>
      </trkpt>
      <trkpt lat="50.742434" lon="7.1817">
        <ele>106.453277</ele>
        <time>2026-05-09T20:05:02.180000Z</time>
      </trkpt>
      <trkpt lat="50.742359" lon="7.18214">
        <ele>108.114533</ele>
        <time>2026-05-09T20:05:15.506000Z</time>
      </trkpt>
      <trkpt lat="50.742341" lon="7.182679">
        <ele>110.08227</ele>
        <time>2026-05-09T20:05:32.816000Z</time>
      </trkpt>
      <trkpt lat="50.742385" lon="7.183195">
        <ele>111.980424</ele>
        <time>2026-05-09T20:05:49.050000Z</time>
      </trkpt>
      <trkpt lat="50.742467" lon="7.183756">
        <ele>114.262844</ele>
        <time>2026-05-09T20:06:06.743000Z</time>
      </trkpt>
      <trkpt lat="50.74251" lon="7.183939">
        <ele>115.076307</ele>
        <time>2026-05-09T20:06:15.306000Z</time>
      </trkpt>
      <trkpt lat="50.743075" lon="7.183731">
        <ele>118.89656</ele>
        <time>2026-05-09T20:06:51.322000Z</time>
      </trkpt>
      <trkpt lat="50.743498" lon="7.183396">
        <ele>122.012313</ele>
        <time>2026-05-09T20:07:19.594000Z</time>
      </trkpt>
      <trkpt lat="50.743941" lon="7.183734">
        <ele>125.385327</ele>
        <time>2026-05-09T20:07:47.784000Z</time>
      </trkpt>
      <trkpt lat="50.744068" lon="7.18397">
        <ele>126.959069</ele>
        <time>2026-05-09T20:08:00.394000Z</time>
      </trkpt>
      <trkpt lat="50.744158" lon="7.184283">
        <ele>128.705516</ele>
        <time>2026-05-09T20:08:15.397000Z</time>
      </trkpt>
      <trkpt lat="50.744143" lon="7.184399">
        <ele>129.306955</ele>
        <time>2026-05-09T20:08:20.637000Z</time>
      </trkpt>
      <trkpt lat="50.74378" lon="7.184788">
        <ele>132.827847</ele>
        <time>2026-05-09T20:08:52.479000Z</time>
      </trkpt>
      <trkpt lat="50.743671" lon="7.184788">
        <ele>133.702873</ele>
        <time>2026-05-09T20:09:00.378000Z</time>
      </trkpt>
      <trkpt lat="50.743599" lon="7.184827">
        <ele>134.313882</ele>
        <time>2026-05-09T20:09:06.009000Z</time>
      </trkpt>
      <trkpt lat="50.743405" lon="7.18518">
        <ele>136.68897</ele>
        <time>2026-05-09T20:09:27.927000Z</time>
      </trkpt>
      <trkpt lat="50.743181" lon="7.185583">
        <ele>139.210402</ele>
        <time>2026-05-09T20:09:52.001000Z</time>
      </trkpt>
      <trkpt lat="50.743136" lon="7.185687">
        <ele>139.459125</ele>
        <time>2026-05-09T20:09:57.330000Z</time>
      </trkpt>
      <trkpt lat="50.743061" lon="7.185857">
        <ele>139.868248</ele>
        <time>2026-05-09T20:10:05.586000Z</time>
      </trkpt>
      <trkpt lat="50.743072" lon="7.185917">
        <ele>139.99157</ele>
        <time>2026-05-09T20:10:08.088000Z</time>
      </trkpt>
      <trkpt lat="50.743224" lon="7.185901">
        <ele>140.466824</ele>
        <time>2026-05-09T20:10:17.272000Z</time>
      </trkpt>
      <trkpt lat="50.743415" lon="7.186507">
        <ele>141.803353</ele>
        <time>2026-05-09T20:10:39.682000Z</time>
      </trkpt>
      <trkpt lat="50.743834" lon="7.186343">
        <ele>143.15003</ele>
        <time>2026-05-09T20:10:56.741000Z</time>
      </trkpt>
      <trkpt lat="50.743882" lon="7.186928">
        <ele>144.314574</ele>
        <time>2026-05-09T20:11:08.291000Z</time>
      </trkpt>
      <trkpt lat="50.743928" lon="7.186936">
        <ele>144.45895</ele>
        <time>2026-05-09T20:11:08.990000Z</time>
      </trkpt>
      <trkpt lat="50.743998" lon="7.187022">
        <ele>144.667398</ele>
        <time>2026-05-09T20:11:10.353000Z</time>
      </trkpt>
      <trkpt lat="50.744242" lon="7.187754">
        <ele>143.718461</ele>
        <time>2026-05-09T20:11:17.726000Z</time>
      </trkpt>
      <trkpt lat="50.744991" lon="7.187123">
        <ele>142.179999</ele>
        <time>2026-05-09T20:11:29.367000Z</time>
      </trkpt>
      <trkpt lat="50.74503" lon="7.187244">
        <ele>142.024254</ele>
        <time>2026-05-09T20:11:30.526000Z</time>
      </trkpt>
      <trkpt lat="50.745108" lon="7.187701">
        <ele>141.481372</ele>
        <time>2026-05-09T20:11:34.713000Z</time>
      </trkpt>
      <trkpt lat="50.745225" lon="7.188541">
        <ele>141.237979</ele>
        <time>2026-05-09T20:11:43.400000Z</time>
      </trkpt>
      <trkpt lat="50.744676" lon="7.189341">
        <ele>140.957389</ele>
        <time>2026-05-09T20:11:58.742000Z</time>
      </trkpt>
      <trkpt lat="50.744281" lon="7.189781">
        <ele>140.775807</ele>
        <time>2026-05-09T20:12:06.976000Z</time>
      </trkpt>
      <trkpt lat="50.744432" lon="7.190096">
        <ele>139.933738</ele>
        <time>2026-05-09T20:12:14.646000Z</time>
      </trkpt>
      <trkpt lat="50.744426" lon="7.190336">
        <ele>139.304204</ele>
        <time>2026-05-09T20:12:19.040000Z</time>
      </trkpt>
      <trkpt lat="50.744513" lon="7.190482">
        <ele>138.778569</ele>
        <time>2026-05-09T20:12:22.568000Z</time>
      </trkpt>
      <trkpt lat="50.744606" lon="7.1905">
        <ele>138.39048</ele>
        <time>2026-05-09T20:12:25.094000Z</time>
      </trkpt>
      <trkpt lat="50.745051" lon="7.191109">
        <ele>135.952195</ele>
        <time>2026-05-09T20:12:39.942000Z</time>
      </trkpt>
      <trkpt lat="50.745143" lon="7.191109">
        <ele>135.571127</ele>
        <time>2026-05-09T20:12:42.176000Z</time>
      </trkpt>
      <trkpt lat="50.745295" lon="7.191298">
        <ele>134.770021</ele>
        <time>2026-05-09T20:12:46.883000Z</time>
      </trkpt>
      <trkpt lat="50.745382" lon="7.191315">
        <ele>134.406918</ele>
        <time>2026-05-09T20:12:49.035000Z</time>
      </trkpt>
      <trkpt lat="50.745779" lon="7.191736">
        <ele>133.833054</ele>
        <time>2026-05-09T20:13:01.302000Z</time>
      </trkpt>
      <trkpt lat="50.746031" lon="7.191862">
        <ele>134.488404</ele>
        <time>2026-05-09T20:13:08.872000Z</time>
      </trkpt>
      <trkpt lat="50.746066" lon="7.191978">
        <ele>134.690029</ele>
        <time>2026-05-09T20:13:11.420000Z</time>
      </trkpt>
      <trkpt lat="50.746045" lon="7.192081">
        <ele>134.859807</ele>
        <time>2026-05-09T20:13:13.630000Z</time>
      </trkpt>
      <trkpt lat="50.74593" lon="7.192362">
        <ele>135.384843</ele>
        <time>2026-05-09T20:13:21.629000Z</time>
      </trkpt>
      <trkpt lat="50.745908" lon="7.192532">
        <ele>135.657078</ele>
        <time>2026-05-09T20:13:26.643000Z</time>
      </trkpt>
      <trkpt lat="50.745819" lon="7.192795">
        <ele>136.125003</ele>
        <time>2026-05-09T20:13:36.742000Z</time>
      </trkpt>
      <trkpt lat="50.74548" lon="7.193401">
        <ele>137.39404</ele>
        <time>2026-05-09T20:14:11.614000Z</time>
      </trkpt>
      <trkpt lat="50.745299" lon="7.193643">
        <ele>138.296796</ele>
        <time>2026-05-09T20:14:30.029000Z</time>
      </trkpt>
      <trkpt lat="50.745168" lon="7.194038">
        <ele>140.01748</ele>
        <time>2026-05-09T20:14:52.044000Z</time>
      </trkpt>
      <trkpt lat="50.745014" lon="7.194496">
        <ele>142.018601</ele>
        <time>2026-05-09T20:15:13.796000Z</time>
      </trkpt>
      <trkpt lat="50.74469" lon="7.195142">
        <ele>145.199103</ele>
        <time>2026-05-09T20:15:43.720000Z</time>
      </trkpt>
      <trkpt lat="50.745522" lon="7.19572">
        <ele>148.952537</ele>
        <time>2026-05-09T20:16:10.307000Z</time>
      </trkpt>
      <trkpt lat="50.746078" lon="7.196058">
        <ele>149.349114</ele>
        <time>2026-05-09T20:16:20.609000Z</time>
      </trkpt>
      <trkpt lat="50.746179" lon="7.196158">
        <ele>149.428456</ele>
        <time>2026-05-09T20:16:22.623000Z</time>
      </trkpt>
      <trkpt lat="50.746746" lon="7.197043">
        <ele>149.915967</ele>
        <time>2026-05-09T20:16:36.082000Z</time>
      </trkpt>
      <trkpt lat="50.748224" lon="7.199319">
        <ele>148.894123</ele>
        <time>2026-05-09T20:17:09.633000Z</time>
      </trkpt>
      <trkpt lat="50.748325" lon="7.19954">
        <ele>148.664439</ele>
        <time>2026-05-09T20:17:12.101000Z</time>
      </trkpt>
      <trkpt lat="50.748385" lon="7.199483">
        <ele>148.571224</ele>
        <time>2026-05-09T20:17:13.085000Z</time>
      </trkpt>
      <trkpt lat="50.748394" lon="7.199556">
        <ele>148.508564</ele>
        <time>2026-05-09T20:17:14.526000Z</time>
      </trkpt>
      <trkpt lat="50.748529" lon="7.199601">
        <ele>148.324851</ele>
        <time>2026-05-09T20:17:18.675000Z</time>
      </trkpt>
      <trkpt lat="50.749189" lon="7.199827">
        <ele>147.425639</ele>
        <time>2026-05-09T20:17:38.841000Z</time>
      </trkpt>
      <trkpt lat="50.749257" lon="7.199914">
        <ele>147.309145</ele>
        <time>2026-05-09T20:17:41.439000Z</time>
      </trkpt>
      <trkpt lat="50.749294" lon="7.200017">
        <ele>147.209358</ele>
        <time>2026-05-09T20:17:43.658000Z</time>
      </trkpt>
      <trkpt lat="50.749413" lon="7.201031">
        <ele>146.40219</ele>
        <time>2026-05-09T20:18:03.020000Z</time>
      </trkpt>
      <trkpt lat="50.749623" lon="7.201441">
        <ele>146.00605</ele>
        <time>2026-05-09T20:18:13.187000Z</time>
      </trkpt>
      <trkpt lat="50.749711" lon="7.201709">
        <ele>145.779302</ele>
        <time>2026-05-09T20:18:19.156000Z</time>
      </trkpt>
      <trkpt lat="50.74983" lon="7.202827">
        <ele>144.927924</ele>
        <time>2026-05-09T20:18:41.692000Z</time>
      </trkpt>
      <trkpt lat="50.75077" lon="7.204072">
        <ele>143.32221</ele>
        <time>2026-05-09T20:19:20.188000Z</time>
      </trkpt>
      <trkpt lat="50.751573" lon="7.205037">
        <ele>141.190312</ele>
        <time>2026-05-09T20:19:50.184000Z</time>
      </trkpt>
      <trkpt lat="50.752008" lon="7.205021">
        <ele>139.483399</ele>
        <time>2026-05-09T20:20:02.179000Z</time>
      </trkpt>
      <trkpt lat="50.752585" lon="7.204827">
        <ele>137.169255</ele>
        <time>2026-05-09T20:20:17.965000Z</time>
      </trkpt>
      <trkpt lat="50.753041" lon="7.204569">
        <ele>135.199597</ele>
        <time>2026-05-09T20:20:30.318000Z</time>
      </trkpt>
      <trkpt lat="50.753228" lon="7.204448">
        <ele>133.587545</ele>
        <time>2026-05-09T20:20:35.320000Z</time>
      </trkpt>
      <trkpt lat="50.75386" lon="7.204503">
        <ele>128.537822</ele>
        <time>2026-05-09T20:20:50.556000Z</time>
      </trkpt>
      <trkpt lat="50.755049" lon="7.204793">
        <ele>119.135677</ele>
        <time>2026-05-09T20:21:03.322000Z</time>
      </trkpt>
      <trkpt lat="50.755346" lon="7.204749">
        <ele>116.983591</ele>
        <time>2026-05-09T20:21:06.494000Z</time>
      </trkpt>
      <trkpt lat="50.75632" lon="7.204396">
        <ele>109.77437</ele>
        <time>2026-05-09T20:21:17.464000Z</time>
      </trkpt>
      <trkpt lat="50.756774" lon="7.204281">
        <ele>107.472723</ele>
        <time>2026-05-09T20:21:22.930000Z</time>
      </trkpt>
      <trkpt lat="50.756829" lon="7.204262">
        <ele>107.332037</ele>
        <time>2026-05-09T20:21:23.622000Z</time>
      </trkpt>
      <trkpt lat="50.756864" lon="7.204451">
        <ele>107.020717</ele>
        <time>2026-05-09T20:21:25.162000Z</time>
      </trkpt>
      <trkpt lat="50.757093" lon="7.206966">
        <ele>102.994746</ele>
        <time>2026-05-09T20:21:47.613000Z</time>
      </trkpt>
      <trkpt lat="50.757055" lon="7.207343">
        <ele>102.38047</ele>
        <time>2026-05-09T20:21:51.067000Z</time>
      </trkpt>
      <trkpt lat="50.757037" lon="7.207456">
        <ele>102.192968</ele>
        <time>2026-05-09T20:21:52.105000Z</time>
      </trkpt>
      <trkpt lat="50.756874" lon="7.208748">
        <ele>100.073091</ele>
        <time>2026-05-09T20:22:03.348000Z</time>
      </trkpt>
      <trkpt lat="50.756737" lon="7.210639">
        <ele>95.412074</ele>
        <time>2026-05-09T20:22:17.755000Z</time>
      </trkpt>
      <trkpt lat="50.756631" lon="7.21193">
        <ele>91.583248</ele>
        <time>2026-05-09T20:22:27.228000Z</time>
      </trkpt>
      <trkpt lat="50.756429" lon="7.214278">
        <ele>85.496585</ele>
        <time>2026-05-09T20:22:45.284000Z</time>
      </trkpt>
      <trkpt lat="50.756225" lon="7.214399">
        <ele>84.633482</ele>
        <time>2026-05-09T20:22:48.037000Z</time>
      </trkpt>
      <trkpt lat="50.756243" lon="7.214495">
        <ele>84.382568</ele>
        <time>2026-05-09T20:22:48.836000Z</time>
      </trkpt>
      <trkpt lat="50.756263" lon="7.214556">
        <ele>84.210395</ele>
        <time>2026-05-09T20:22:49.384000Z</time>
      </trkpt>
      <trkpt lat="50.75638" lon="7.214568">
        <ele>83.745959</ele>
        <time>2026-05-09T20:22:50.868000Z</time>
      </trkpt>
      <trkpt lat="50.756732" lon="7.216223">
        <ele>80.040927</ele>
        <time>2026-05-09T20:23:04.680000Z</time>
      </trkpt>
      <trkpt lat="50.756975" lon="7.217214">
        <ele>77.814769</ele>
        <time>2026-05-09T20:23:13.098000Z</time>
      </trkpt>
      <trkpt lat="50.757219" lon="7.218373">
        <ele>75.741084</ele>
        <time>2026-05-09T20:23:22.917000Z</time>
      </trkpt>
      <trkpt lat="50.757307" lon="7.218626">
        <ele>75.267063</ele>
        <time>2026-05-09T20:23:25.272000Z</time>
      </trkpt>
      <trkpt lat="50.757451" lon="7.218853">
        <ele>74.739272</ele>
        <time>2026-05-09T20:23:27.912000Z</time>
      </trkpt>
      <trkpt lat="50.757636" lon="7.21907">
        <ele>74.1414</ele>
        <time>2026-05-09T20:23:30.909000Z</time>
      </trkpt>
      <trkpt lat="50.757763" lon="7.21933">
        <ele>73.602095</ele>
        <time>2026-05-09T20:23:33.649000Z</time>
      </trkpt>
      <trkpt lat="50.75786" lon="7.219638">
        <ele>73.037229</ele>
        <time>2026-05-09T20:23:36.549000Z</time>
      </trkpt>
      <trkpt lat="50.758087" lon="7.220608">
        <ele>72.237551</ele>
        <time>2026-05-09T20:23:45.675000Z</time>
      </trkpt>
      <trkpt lat="50.758417" lon="7.222046">
        <ele>71.238371</ele>
        <time>2026-05-09T20:24:00.701000Z</time>
      </trkpt>
      <trkpt lat="50.758485" lon="7.222235">
        <ele>71.096349</ele>
        <time>2026-05-09T20:24:02.955000Z</time>
      </trkpt>
      <trkpt lat="50.758667" lon="7.222566">
        <ele>70.883839</ele>
        <time>2026-05-09T20:24:07.499000Z</time>
      </trkpt>
      <trkpt lat="50.759453" lon="7.221995">
        <ele>70.39337</ele>
        <time>2026-05-09T20:24:20.901000Z</time>
      </trkpt>
      <trkpt lat="50.759577" lon="7.221844">
        <ele>70.30462</ele>
        <time>2026-05-09T20:24:23.291000Z</time>
      </trkpt>
      <trkpt lat="50.759812" lon="7.221335">
        <ele>70.078603</ele>
        <time>2026-05-09T20:24:29.475000Z</time>
      </trkpt>
      <trkpt lat="50.759937" lon="7.221236">
        <ele>69.99933</ele>
        <time>2026-05-09T20:24:31.687000Z</time>
      </trkpt>
      <trkpt lat="50.761523" lon="7.220607">
        <ele>69.343126</ele>
        <time>2026-05-09T20:24:58.270000Z</time>
      </trkpt>
      <trkpt lat="50.762078" lon="7.2205">
        <ele>69.076401</ele>
        <time>2026-05-09T20:25:07.154000Z</time>
      </trkpt>
      <trkpt lat="50.762155" lon="7.220533">
        <ele>69.033163</ele>
        <time>2026-05-09T20:25:08.413000Z</time>
      </trkpt>
      <trkpt lat="50.763094" lon="7.220542">
        <ele>68.524251</ele>
        <time>2026-05-09T20:25:22.991000Z</time>
      </trkpt>
      <trkpt lat="50.763804" lon="7.220874">
        <ele>68.138329</ele>
        <time>2026-05-09T20:25:34.673000Z</time>
      </trkpt>
      <trkpt lat="50.763881" lon="7.220876">
        <ele>68.10087</ele>
        <time>2026-05-09T20:25:35.898000Z</time>
      </trkpt>
      <trkpt lat="50.765102" lon="7.220516">
        <ele>67.496713</ele>
        <time>2026-05-09T20:25:55.668000Z</time>
      </trkpt>
      <trkpt lat="50.768682" lon="7.219495">
        <ele>65.789855</ele>
        <time>2026-05-09T20:26:53.271000Z</time>
      </trkpt>
      <trkpt lat="50.768778" lon="7.219476">
        <ele>65.747297</ele>
        <time>2026-05-09T20:26:54.821000Z</time>
      </trkpt>
      <trkpt lat="50.769744" lon="7.219279">
        <ele>65.693344</ele>
        <time>2026-05-09T20:27:11.361000Z</time>
      </trkpt>
      <trkpt lat="50.76981" lon="7.219234">
        <ele>65.691371</ele>
        <time>2026-05-09T20:27:12.669000Z</time>
      </trkpt>
      <trkpt lat="50.769836" lon="7.219095">
        <ele>65.688855</ele>
        <time>2026-05-09T20:27:14.339000Z</time>
      </trkpt>
      <trkpt lat="50.769816" lon="7.218791">
        <ele>65.683549</ele>
        <time>2026-05-09T20:27:17.812000Z</time>
      </trkpt>
      <trkpt lat="50.769827" lon="7.218311">
        <ele>65.675211</ele>
        <time>2026-05-09T20:27:23.157000Z</time>
      </trkpt>
      <trkpt lat="50.7699" lon="7.218188">
        <ele>65.672283</ele>
        <time>2026-05-09T20:27:25.006000Z</time>
      </trkpt>
      <trkpt lat="50.770001" lon="7.218137">
        <ele>65.669372</ele>
        <time>2026-05-09T20:27:26.823000Z</time>
      </trkpt>
      <trkpt lat="50.77043" lon="7.218085">
        <ele>65.531692</ele>
        <time>2026-05-09T20:27:34.116000Z</time>
      </trkpt>
      <trkpt lat="50.77049" lon="7.218052">
        <ele>65.510585</ele>
        <time>2026-05-09T20:27:35.191000Z</time>
      </trkpt>
      <trkpt lat="50.770505" lon="7.218145">
        <ele>65.490417</ele>
        <time>2026-05-09T20:27:36.184000Z</time>
      </trkpt>
      <trkpt lat="50.77086" lon="7.218586">
        <ele>65.340416</ele>
        <time>2026-05-09T20:27:43.413000Z</time>
      </trkpt>
      <trkpt lat="50.770948" lon="7.218688">
        <ele>65.304163</ele>
        <time>2026-05-09T20:27:45.120000Z</time>
      </trkpt>
      <trkpt lat="50.771371" lon="7.219021">
        <ele>65.147161</ele>
        <time>2026-05-09T20:27:52.452000Z</time>
      </trkpt>
      <trkpt lat="50.771591" lon="7.219036">
        <ele>65.073996</ele>
        <time>2026-05-09T20:27:55.903000Z</time>
      </trkpt>
      <trkpt lat="50.772434" lon="7.218858">
        <ele>65.251201</ele>
        <time>2026-05-09T20:28:09.887000Z</time>
      </trkpt>
      <trkpt lat="50.772459" lon="7.219165">
        <ele>65.293016</ele>
        <time>2026-05-09T20:28:13.264000Z</time>
      </trkpt>
      <trkpt lat="50.772757" lon="7.220812">
        <ele>65.639956</ele>
        <time>2026-05-09T20:28:36.086000Z</time>
      </trkpt>
      <trkpt lat="50.772841" lon="7.221377">
        <ele>65.849736</ele>
        <time>2026-05-09T20:28:44.108000Z</time>
      </trkpt>
      <trkpt lat="50.772887" lon="7.221823">
        <ele>66.013067</ele>
        <time>2026-05-09T20:28:49.929000Z</time>
      </trkpt>
      <trkpt lat="50.772852" lon="7.222194">
        <ele>66.148644</ele>
        <time>2026-05-09T20:28:54.559000Z</time>
      </trkpt>
      <trkpt lat="50.77387" lon="7.221725">
        <ele>66.268908</ele>
        <time>2026-05-09T20:29:13.281000Z</time>
      </trkpt>
      <trkpt lat="50.774495" lon="7.221486">
        <ele>65.978125</ele>
        <time>2026-05-09T20:29:22.937000Z</time>
      </trkpt>
      <trkpt lat="50.774625" lon="7.221437">
        <ele>65.917689</ele>
        <time>2026-05-09T20:29:24.998000Z</time>
      </trkpt>
      <trkpt lat="50.774715" lon="7.221403">
        <ele>65.875844</ele>
        <time>2026-05-09T20:29:26.454000Z</time>
      </trkpt>
      <trkpt lat="50.775146" lon="7.221264">
        <ele>65.676926</ele>
        <time>2026-05-09T20:29:33.391000Z</time>
      </trkpt>
      <trkpt lat="50.776424" lon="7.220996">
        <ele>65.549647</ele>
        <time>2026-05-09T20:29:54.663000Z</time>
      </trkpt>
      <trkpt lat="50.777135" lon="7.220849">
        <ele>65.360004</ele>
        <time>2026-05-09T20:30:08.190000Z</time>
      </trkpt>
      <trkpt lat="50.77751" lon="7.220789">
        <ele>65.085771</ele>
        <time>2026-05-09T20:30:14.951000Z</time>
      </trkpt>
      <trkpt lat="50.777715" lon="7.220933">
        <ele>64.922567</ele>
        <time>2026-05-09T20:30:19.166000Z</time>
      </trkpt>
      <trkpt lat="50.777797" lon="7.220992">
        <ele>64.857022</ele>
        <time>2026-05-09T20:30:20.761000Z</time>
      </trkpt>
      <trkpt lat="50.777895" lon="7.220966">
        <ele>64.784723</ele>
        <time>2026-05-09T20:30:22.226000Z</time>
      </trkpt>
      <trkpt lat="50.77814" lon="7.221">
        <ele>64.605783</ele>
        <time>2026-05-09T20:30:25.783000Z</time>
      </trkpt>
      <trkpt lat="50.778427" lon="7.221162">
        <ele>64.384067</ele>
        <time>2026-05-09T20:30:30.139000Z</time>
      </trkpt>
      <trkpt lat="50.778478" lon="7.221194">
        <ele>64.344147</ele>
        <time>2026-05-09T20:30:30.913000Z</time>
      </trkpt>
      <trkpt lat="50.778887" lon="7.221437">
        <ele>63.786083</ele>
        <time>2026-05-09T20:30:37.020000Z</time>
      </trkpt>
      <trkpt lat="50.778996" lon="7.221531">
        <ele>63.564384</ele>
        <time>2026-05-09T20:30:38.742000Z</time>
      </trkpt>
      <trkpt lat="50.779331" lon="7.22219">
        <ele>62.609644</ele>
        <time>2026-05-09T20:30:46.143000Z</time>
      </trkpt>
      <trkpt lat="50.779331" lon="7.221796">
        <ele>62.164771</ele>
        <time>2026-05-09T20:30:49.640000Z</time>
      </trkpt>
      <trkpt lat="50.779331" lon="7.220246">
        <ele>60.296078</ele>
        <time>2026-05-09T20:31:03.072000Z</time>
      </trkpt>
      <trkpt lat="50.779364" lon="7.220169">
        <ele>60.169005</ele>
        <time>2026-05-09T20:31:03.825000Z</time>
      </trkpt>
      <trkpt lat="50.779456" lon="7.220096">
        <ele>59.946627</ele>
        <time>2026-05-09T20:31:05.170000Z</time>
      </trkpt>
      <trkpt lat="50.779561" lon="7.220071">
        <ele>59.717222</ele>
        <time>2026-05-09T20:31:06.525000Z</time>
      </trkpt>
      <trkpt lat="50.779597" lon="7.220321">
        <ele>59.366958</ele>
        <time>2026-05-09T20:31:08.614000Z</time>
      </trkpt>
      <trkpt lat="50.779736" lon="7.220863">
        <ele>58.567962</ele>
        <time>2026-05-09T20:31:13.446000Z</time>
      </trkpt>
      <trkpt lat="50.779909" lon="7.221283">
        <ele>57.883209</ele>
        <time>2026-05-09T20:31:17.642000Z</time>
      </trkpt>
      <trkpt lat="50.780085" lon="7.221541">
        <ele>57.364748</ele>
        <time>2026-05-09T20:31:20.865000Z</time>
      </trkpt>
      <trkpt lat="50.78018" lon="7.221675">
        <ele>57.092721</ele>
        <time>2026-05-09T20:31:22.617000Z</time>
      </trkpt>
      <trkpt lat="50.780595" lon="7.222061">
        <ele>56.846778</ele>
        <time>2026-05-09T20:31:29.631000Z</time>
      </trkpt>
      <trkpt lat="50.780926" lon="7.222251">
        <ele>56.666898</ele>
        <time>2026-05-09T20:31:35.240000Z</time>
      </trkpt>
      <trkpt lat="50.78144" lon="7.222409">
        <ele>56.399414</ele>
        <time>2026-05-09T20:31:44.121000Z</time>
      </trkpt>
      <trkpt lat="50.78178" lon="7.222425">
        <ele>56.225652</ele>
        <time>2026-05-09T20:31:49.910000Z</time>
      </trkpt>
      <trkpt lat="50.78203" lon="7.222507">
        <ele>56.373437</ele>
        <time>2026-05-09T20:31:54.361000Z</time>
      </trkpt>
      <trkpt lat="50.782213" lon="7.222491">
        <ele>56.607024</ele>
        <time>2026-05-09T20:31:57.644000Z</time>
      </trkpt>
      <trkpt lat="50.782687" lon="7.222568">
        <ele>57.214309</ele>
        <time>2026-05-09T20:32:07.454000Z</time>
      </trkpt>
      <trkpt lat="50.783331" lon="7.22282">
        <ele>58.059825</ele>
        <time>2026-05-09T20:32:24.047000Z</time>
      </trkpt>
      <trkpt lat="50.7835" lon="7.223045">
        <ele>58.341363</ele>
        <time>2026-05-09T20:32:30.190000Z</time>
      </trkpt>
      <trkpt lat="50.783544" lon="7.223123">
        <ele>58.425595</ele>
        <time>2026-05-09T20:32:32.066000Z</time>
      </trkpt>
      <trkpt lat="50.783615" lon="7.22327">
        <ele>58.558396</ele>
        <time>2026-05-09T20:32:35.530000Z</time>
      </trkpt>
      <trkpt lat="50.783705" lon="7.223415">
        <ele>58.69736</ele>
        <time>2026-05-09T20:32:39.286000Z</time>
      </trkpt>
      <trkpt lat="50.783842" lon="7.223535">
        <ele>58.866757</ele>
        <time>2026-05-09T20:32:43.645000Z</time>
      </trkpt>
      <trkpt lat="50.784035" lon="7.223689">
        <ele>59.100583</ele>
        <time>2026-05-09T20:32:49.423000Z</time>
      </trkpt>
      <trkpt lat="50.784054" lon="7.223747">
        <ele>59.145257</ele>
        <time>2026-05-09T20:32:50.509000Z</time>
      </trkpt>
      <trkpt lat="50.784055" lon="7.223815">
        <ele>59.191773</ele>
        <time>2026-05-09T20:32:51.619000Z</time>
      </trkpt>
      <trkpt lat="50.783839" lon="7.224556">
        <ele>59.749803</ele>
        <time>2026-05-09T20:33:03.658000Z</time>
      </trkpt>
      <trkpt lat="50.783791" lon="7.224509">
        <ele>59.810867</ele>
        <time>2026-05-09T20:33:05.101000Z</time>
      </trkpt>
      <trkpt lat="50.78388" lon="7.224197">
        <ele>60.044953</ele>
        <time>2026-05-09T20:33:08.934000Z</time>
      </trkpt>
      <trkpt lat="50.784448" lon="7.222197">
        <ele>59.799025</ele>
        <time>2026-05-09T20:33:30.105000Z</time>
      </trkpt>
      <trkpt lat="50.784493" lon="7.222053">
        <ele>59.739451</ele>
        <time>2026-05-09T20:33:31.641000Z</time>
      </trkpt>
      <trkpt lat="50.784676" lon="7.222185">
        <ele>59.621464</ele>
        <time>2026-05-09T20:33:34.709000Z</time>
      </trkpt>
      <trkpt lat="50.784991" lon="7.222412">
        <ele>59.418406</ele>
        <time>2026-05-09T20:33:40.153000Z</time>
      </trkpt>
      <trkpt lat="50.785057" lon="7.222495">
        <ele>59.368943</ele>
        <time>2026-05-09T20:33:41.496000Z</time>
      </trkpt>
      <trkpt lat="50.785161" lon="7.222586">
        <ele>59.371515</ele>
        <time>2026-05-09T20:33:43.438000Z</time>
      </trkpt>
      <trkpt lat="50.785471" lon="7.222777">
        <ele>59.417927</ele>
        <time>2026-05-09T20:33:49.700000Z</time>
      </trkpt>
      <trkpt lat="50.786361" lon="7.223081">
        <ele>59.544947</ele>
        <time>2026-05-09T20:34:07.725000Z</time>
      </trkpt>
      <trkpt lat="50.786737" lon="7.223266">
        <ele>59.59988</ele>
        <time>2026-05-09T20:34:16.426000Z</time>
      </trkpt>
      <trkpt lat="50.78757" lon="7.224047">
        <ele>59.920711</ele>
        <time>2026-05-09T20:34:38.126000Z</time>
      </trkpt>
      <trkpt lat="50.787712" lon="7.224186">
        <ele>59.978235</ele>
        <time>2026-05-09T20:34:41.509000Z</time>
      </trkpt>
      <trkpt lat="50.787767" lon="7.224243">
        <ele>60.000885</ele>
        <time>2026-05-09T20:34:42.768000Z</time>
      </trkpt>
      <trkpt lat="50.788037" lon="7.224504">
        <ele>60.109883</ele>
        <time>2026-05-09T20:34:48.814000Z</time>
      </trkpt>
      <trkpt lat="50.788348" lon="7.224881">
        <ele>60.261446</ele>
        <time>2026-05-09T20:34:57.648000Z</time>
      </trkpt>
      <trkpt lat="50.788499" lon="7.225164">
        <ele>60.422051</ele>
        <time>2026-05-09T20:35:02.799000Z</time>
      </trkpt>
      <trkpt lat="50.78893" lon="7.22595">
        <ele>60.873292</ele>
        <time>2026-05-09T20:35:18.915000Z</time>
      </trkpt>
      <trkpt lat="50.788995" lon="7.226053">
        <ele>60.936408</ele>
        <time>2026-05-09T20:35:21.415000Z</time>
      </trkpt>
      <trkpt lat="50.789155" lon="7.226338">
        <ele>61.10171</ele>
        <time>2026-05-09T20:35:26.610000Z</time>
      </trkpt>
      <trkpt lat="50.789219" lon="7.226291">
        <ele>61.150115</ele>
        <time>2026-05-09T20:35:28.251000Z</time>
      </trkpt>
      <trkpt lat="50.789248" lon="7.226245">
        <ele>61.178289</ele>
        <time>2026-05-09T20:35:29.177000Z</time>
      </trkpt>
      <trkpt lat="50.789586" lon="7.226815">
        <ele>61.544547</ele>
        <time>2026-05-09T20:35:41.342000Z</time>
      </trkpt>
      <trkpt lat="50.789836" lon="7.22716">
        <ele>61.884823</ele>
        <time>2026-05-09T20:35:49.581000Z</time>
      </trkpt>
      <trkpt lat="50.790151" lon="7.227466">
        <ele>62.263964</ele>
        <time>2026-05-09T20:35:58.664000Z</time>
      </trkpt>
      <trkpt lat="50.791665" lon="7.228629">
        <ele>63.53409</ele>
        <time>2026-05-09T20:36:31.757000Z</time>
      </trkpt>
      <trkpt lat="50.792243" lon="7.229088">
        <ele>63.754696</ele>
        <time>2026-05-09T20:36:44.911000Z</time>
      </trkpt>
      <trkpt lat="50.7923" lon="7.22913">
        <ele>63.776145</ele>
        <time>2026-05-09T20:36:46.235000Z</time>
      </trkpt>
      <trkpt lat="50.793249" lon="7.229971">
        <ele>63.327689</ele>
        <time>2026-05-09T20:37:03.442000Z</time>
      </trkpt>
      <trkpt lat="50.793449" lon="7.23015">
        <ele>63.122916</ele>
        <time>2026-05-09T20:37:06.618000Z</time>
      </trkpt>
      <trkpt lat="50.793836" lon="7.230574">
        <ele>62.703417</ele>
        <time>2026-05-09T20:37:13.154000Z</time>
      </trkpt>
      <trkpt lat="50.794069" lon="7.230973">
        <ele>62.397431</ele>
        <time>2026-05-09T20:37:18.216000Z</time>
      </trkpt>
      <trkpt lat="50.794259" lon="7.231471">
        <ele>62.42238</ele>
        <time>2026-05-09T20:37:24.071000Z</time>
      </trkpt>
      <trkpt lat="50.794343" lon="7.231843">
        <ele>62.516589</ele>
        <time>2026-05-09T20:37:28.583000Z</time>
      </trkpt>
      <trkpt lat="50.794507" lon="7.23249">
        <ele>62.682834</ele>
        <time>2026-05-09T20:37:37.869000Z</time>
      </trkpt>
      <trkpt lat="50.79467" lon="7.232722">
        <ele>62.765558</ele>
        <time>2026-05-09T20:37:42.910000Z</time>
      </trkpt>
      <trkpt lat="50.794741" lon="7.232894">
        <ele>62.814549</ele>
        <time>2026-05-09T20:37:45.945000Z</time>
      </trkpt>
      <trkpt lat="50.795734" lon="7.231923">
        <ele>62.784333</ele>
        <time>2026-05-09T20:38:08.515000Z</time>
      </trkpt>
      <trkpt lat="50.795834" lon="7.231918">
        <ele>62.753453</ele>
        <time>2026-05-09T20:38:10.084000Z</time>
      </trkpt>
      <trkpt lat="50.795905" lon="7.231969">
        <ele>62.729387</ele>
        <time>2026-05-09T20:38:11.296000Z</time>
      </trkpt>
      <trkpt lat="50.795984" lon="7.232097">
        <ele>62.694486</ele>
        <time>2026-05-09T20:38:13.041000Z</time>
      </trkpt>
      <trkpt lat="50.79726" lon="7.237006">
        <ele>60.84647</ele>
        <time>2026-05-09T20:39:03.471000Z</time>
      </trkpt>
      <trkpt lat="50.797382" lon="7.237333">
        <ele>60.866207</ele>
        <time>2026-05-09T20:39:07.561000Z</time>
      </trkpt>
      <trkpt lat="50.798935" lon="7.24038">
        <ele>63.082631</ele>
        <time>2026-05-09T20:40:00.910000Z</time>
      </trkpt>
      <trkpt lat="50.798988" lon="7.240289">
        <ele>63.184461</ele>
        <time>2026-05-09T20:40:02.815000Z</time>
      </trkpt>
      <trkpt lat="50.799857" lon="7.238811">
        <ele>67.309384</ele>
        <time>2026-05-09T20:40:41.598000Z</time>
      </trkpt>
      <trkpt lat="50.80024" lon="7.238168">
        <ele>69.177525</ele>
        <time>2026-05-09T20:41:02.687000Z</time>
      </trkpt>
      <trkpt lat="50.800354" lon="7.238053">
        <ele>69.714544</ele>
        <time>2026-05-09T20:41:08.109000Z</time>
      </trkpt>
      <trkpt lat="50.801712" lon="7.237279">
        <ele>75.757306</ele>
        <time>2026-05-09T20:42:03.709000Z</time>
      </trkpt>
      <trkpt lat="50.801793" lon="7.23719">
        <ele>76.170149</ele>
        <time>2026-05-09T20:42:06.789000Z</time>
      </trkpt>
      <trkpt lat="50.802073" lon="7.238021">
        <ele>77.259326</ele>
        <time>2026-05-09T20:42:31.463000Z</time>
      </trkpt>
      <trkpt lat="50.802246" lon="7.238833">
        <ele>77.797617</ele>
        <time>2026-05-09T20:42:50.463000Z</time>
      </trkpt>
      <trkpt lat="50.802362" lon="7.239719">
        <ele>78.366006</ele>
        <time>2026-05-09T20:43:08.650000Z</time>
      </trkpt>
      <trkpt lat="50.802434" lon="7.240902">
        <ele>79.237484</ele>
        <time>2026-05-09T20:43:32.354000Z</time>
      </trkpt>
      <trkpt lat="50.802651" lon="7.242105">
        <ele>80.218845</ele>
        <time>2026-05-09T20:44:02.052000Z</time>
      </trkpt>
      <trkpt lat="50.802702" lon="7.242566">
        <ele>80.585968</ele>
        <time>2026-05-09T20:44:14.288000Z</time>
      </trkpt>
      <trkpt lat="50.803024" lon="7.242516">
        <ele>81.217587</ele>
        <time>2026-05-09T20:44:28.745000Z</time>
      </trkpt>
      <trkpt lat="50.803508" lon="7.24233">
        <ele>82.819187</ele>
        <time>2026-05-09T20:44:51.832000Z</time>
      </trkpt>
      <trkpt lat="50.80375" lon="7.242348">
        <ele>83.598225</ele>
        <time>2026-05-09T20:45:03.575000Z</time>
      </trkpt>
      <trkpt lat="50.803918" lon="7.24243">
        <ele>84.163565</ele>
        <time>2026-05-09T20:45:12.465000Z</time>
      </trkpt>
      <trkpt lat="50.804143" lon="7.242798">
        <ele>85.204114</ele>
        <time>2026-05-09T20:45:28.988000Z</time>
      </trkpt>
      <trkpt lat="50.804499" lon="7.243188">
        <ele>86.596451</ele>
        <time>2026-05-09T20:45:51.146000Z</time>
      </trkpt>
      <trkpt lat="50.804909" lon="7.243395">
        <ele>87.644853</ele>
        <time>2026-05-09T20:46:12.271000Z</time>
      </trkpt>
      <trkpt lat="50.805007" lon="7.243561">
        <ele>87.992075</ele>
        <time>2026-05-09T20:46:19.013000Z</time>
      </trkpt>
      <trkpt lat="50.805216" lon="7.243525">
        <ele>88.500563</ele>
        <time>2026-05-09T20:46:28.620000Z</time>
      </trkpt>
      <trkpt lat="50.80554" lon="7.243616">
        <ele>89.29646</ele>
        <time>2026-05-09T20:46:43.213000Z</time>
      </trkpt>
      <trkpt lat="50.805799" lon="7.243528">
        <ele>89.937173</ele>
        <time>2026-05-09T20:46:54.650000Z</time>
      </trkpt>
      <trkpt lat="50.805881" lon="7.243284">
        <ele>90.359578</ele>
        <time>2026-05-09T20:47:02.015000Z</time>
      </trkpt>
      <trkpt lat="50.805929" lon="7.242884">
        <ele>90.979289</ele>
        <time>2026-05-09T20:47:12.066000Z</time>
      </trkpt>
      <trkpt lat="50.806135" lon="7.242601">
        <ele>91.287107</ele>
        <time>2026-05-09T20:47:22.443000Z</time>
      </trkpt>
      <trkpt lat="50.806243" lon="7.242573">
        <ele>91.410596</ele>
        <time>2026-05-09T20:47:26.523000Z</time>
      </trkpt>
      <trkpt lat="50.806428" lon="7.242619">
        <ele>91.621904</ele>
        <time>2026-05-09T20:47:33.138000Z</time>
      </trkpt>
      <trkpt lat="50.806655" lon="7.242613">
        <ele>91.878079</ele>
        <time>2026-05-09T20:47:41.148000Z</time>
      </trkpt>
      <trkpt lat="50.806789" lon="7.24253">
        <ele>92.04045</ele>
        <time>2026-05-09T20:47:46.352000Z</time>
      </trkpt>
      <trkpt lat="50.806811" lon="7.242336">
        <ele>92.180993</ele>
        <time>2026-05-09T20:47:51.013000Z</time>
      </trkpt>
      <trkpt lat="50.806911" lon="7.242396">
        <ele>92.301668</ele>
        <time>2026-05-09T20:47:53.521000Z</time>
      </trkpt>
      <trkpt lat="50.806986" lon="7.242317">
        <ele>92.403329</ele>
        <time>2026-05-09T20:47:56.980000Z</time>
      </trkpt>
      <trkpt lat="50.806981" lon="7.241368">
        <ele>93.135981</ele>
        <time>2026-05-09T20:48:11.904000Z</time>
      </trkpt>
      <trkpt lat="50.807028" lon="7.241398">
        <ele>93.236686</ele>
        <time>2026-05-09T20:48:13.909000Z</time>
      </trkpt>
      <trkpt lat="50.807317" lon="7.241505">
        <ele>93.82647</ele>
        <time>2026-05-09T20:48:25.120000Z</time>
      </trkpt>
      <trkpt lat="50.807792" lon="7.242077">
        <ele>95.01256</ele>
        <time>2026-05-09T20:48:48.473000Z</time>
      </trkpt>
      <trkpt lat="50.807665" lon="7.241261">
        <ele>96.067835</ele>
        <time>2026-05-09T20:49:11.662000Z</time>
      </trkpt>
      <trkpt lat="50.807646" lon="7.24092">
        <ele>96.497692</ele>
        <time>2026-05-09T20:49:20.609000Z</time>
      </trkpt>
      <trkpt lat="50.807677" lon="7.240796">
        <ele>96.759355</ele>
        <time>2026-05-09T20:49:24.057000Z</time>
      </trkpt>
      <trkpt lat="50.807915" lon="7.240592">
        <ele>97.896871</ele>
        <time>2026-05-09T20:49:35.276000Z</time>
      </trkpt>
      <trkpt lat="50.808061" lon="7.240522">
        <ele>98.537992</ele>
        <time>2026-05-09T20:49:41.733000Z</time>
      </trkpt>
      <trkpt lat="50.808076" lon="7.240651">
        <ele>98.886329</ele>
        <time>2026-05-09T20:49:45.319000Z</time>
      </trkpt>
      <trkpt lat="50.808136" lon="7.240719">
        <ele>99.196481</ele>
        <time>2026-05-09T20:49:48.758000Z</time>
      </trkpt>
      <trkpt lat="50.808223" lon="7.241089">
        <ele>100.244907</ele>
        <time>2026-05-09T20:50:01.073000Z</time>
      </trkpt>
      <trkpt lat="50.808337" lon="7.241364">
        <ele>101.118344</ele>
        <time>2026-05-09T20:50:12.570000Z</time>
      </trkpt>
      <trkpt lat="50.808378" lon="7.241714">
        <ele>102.063669</ele>
        <time>2026-05-09T20:50:25.212000Z</time>
      </trkpt>
      <trkpt lat="50.808474" lon="7.241855">
        <ele>102.614109</ele>
        <time>2026-05-09T20:50:32.580000Z</time>
      </trkpt>
      <trkpt lat="50.808613" lon="7.24186">
        <ele>103.198419</ele>
        <time>2026-05-09T20:50:40.418000Z</time>
      </trkpt>
      <trkpt lat="50.808685" lon="7.241944">
        <ele>103.574347</ele>
        <time>2026-05-09T20:50:45.371000Z</time>
      </trkpt>
      <trkpt lat="50.80878" lon="7.242238">
        <ele>104.466922</ele>
        <time>2026-05-09T20:50:57.352000Z</time>
      </trkpt>
      <trkpt lat="50.809011" lon="7.24254">
        <ele>105.789398</ele>
        <time>2026-05-09T20:51:15.076000Z</time>
      </trkpt>
      <trkpt lat="50.809279" lon="7.242888">
        <ele>107.319491</ele>
        <time>2026-05-09T20:51:35.447000Z</time>
      </trkpt>
      <trkpt lat="50.80961" lon="7.243071">
        <ele>108.867002</ele>
        <time>2026-05-09T20:51:55.051000Z</time>
      </trkpt>
      <trkpt lat="50.809826" lon="7.243235">
        <ele>109.924398</ele>
        <time>2026-05-09T20:52:07.296000Z</time>
      </trkpt>
      <trkpt lat="50.810066" lon="7.243639">
        <ele>111.470886</ele>
        <time>2026-05-09T20:52:22.795000Z</time>
      </trkpt>
      <trkpt lat="50.810447" lon="7.244058">
        <ele>112.618471</ele>
        <time>2026-05-09T20:52:40.897000Z</time>
      </trkpt>
      <trkpt lat="50.810654" lon="7.244201">
        <ele>112.992371</ele>
        <time>2026-05-09T20:52:48.822000Z</time>
      </trkpt>
      <trkpt lat="50.810882" lon="7.24452">
        <ele>113.496163</ele>
        <time>2026-05-09T20:52:58.698000Z</time>
      </trkpt>
      <trkpt lat="50.810951" lon="7.24467">
        <ele>113.690241</ele>
        <time>2026-05-09T20:53:02.570000Z</time>
      </trkpt>
      <trkpt lat="50.81108" lon="7.245116">
        <ele>114.203325</ele>
        <time>2026-05-09T20:53:13.376000Z</time>
      </trkpt>
      <trkpt lat="50.810453" lon="7.245483">
        <ele>115.826464</ele>
        <time>2026-05-09T20:53:40.718000Z</time>
      </trkpt>
      <trkpt lat="50.811436" lon="7.247554">
        <ele>124.039263</ele>
        <time>2026-05-09T20:55:13.051000Z</time>
      </trkpt>
      <trkpt lat="50.811653" lon="7.248042">
        <ele>126.677453</ele>
        <time>2026-05-09T20:55:37.592000Z</time>
      </trkpt>
      <trkpt lat="50.812136" lon="7.249098">
        <ele>132.477761</ele>
        <time>2026-05-09T20:56:31.004000Z</time>
      </trkpt>
      <trkpt lat="50.81225" lon="7.250001">
        <ele>136.574919</ele>
        <time>2026-05-09T20:57:10.730000Z</time>
      </trkpt>
      <trkpt lat="50.812536" lon="7.250639">
        <ele>140.35588</ele>
        <time>2026-05-09T20:57:45.270000Z</time>
      </trkpt>
      <trkpt lat="50.81256" lon="7.251018">
        <ele>142.204504</ele>
        <time>2026-05-09T20:58:01.889000Z</time>
      </trkpt>
      <trkpt lat="50.812723" lon="7.251391">
        <ele>144.405563</ele>
        <time>2026-05-09T20:58:21.853000Z</time>
      </trkpt>
      <trkpt lat="50.81279" lon="7.252034">
        <ele>147.568386</ele>
        <time>2026-05-09T20:58:51.115000Z</time>
      </trkpt>
      <trkpt lat="50.812829" lon="7.252782">
        <ele>150.926095</ele>
        <time>2026-05-09T20:59:23.297000Z</time>
      </trkpt>
      <trkpt lat="50.813026" lon="7.253767">
        <ele>153.73961</ele>
        <time>2026-05-09T21:00:02.773000Z</time>
      </trkpt>
      <trkpt lat="50.813803" lon="7.258152">
        <ele>162.563282</ele>
        <time>2026-05-09T21:02:15.259000Z</time>
      </trkpt>
      <trkpt lat="50.814437" lon="7.261622">
        <ele>162.297515</ele>
        <time>2026-05-09T21:03:29.389000Z</time>
      </trkpt>
      <trkpt lat="50.814677" lon="7.263222">
        <ele>161.832255</ele>
        <time>2026-05-09T21:04:03.165000Z</time>
      </trkpt>
      <trkpt lat="50.814311" lon="7.263207">
        <ele>161.631807</ele>
        <time>2026-05-09T21:04:09.978000Z</time>
      </trkpt>
      <trkpt lat="50.814131" lon="7.26361">
        <ele>161.38653</ele>
        <time>2026-05-09T21:04:15.653000Z</time>
      </trkpt>
      <trkpt lat="50.814116" lon="7.263704">
        <ele>161.338346</ele>
        <time>2026-05-09T21:04:16.767000Z</time>
      </trkpt>
      <trkpt lat="50.813089" lon="7.265457">
        <ele>160.359882</ele>
        <time>2026-05-09T21:04:43.277000Z</time>
      </trkpt>
      <trkpt lat="50.813254" lon="7.265753">
        <ele>160.435087</ele>
        <time>2026-05-09T21:04:48.022000Z</time>
      </trkpt>
      <trkpt lat="50.813357" lon="7.26586">
        <ele>160.472238</ele>
        <time>2026-05-09T21:04:51.256000Z</time>
      </trkpt>
      <trkpt lat="50.813254" lon="7.265753">
        <ele>160.509389</ele>
        <time>2026-05-09T21:04:54.560000Z</time>
      </trkpt>
      <trkpt lat="50.813089" lon="7.265457">
        <ele>160.584594</ele>
        <time>2026-05-09T21:04:59.844000Z</time>
      </trkpt>
      <trkpt lat="50.814116" lon="7.263704">
        <ele>161.278252</ele>
        <time>2026-05-09T21:05:36.622000Z</time>
      </trkpt>
      <trkpt lat="50.814131" lon="7.26361">
        <ele>161.31918</ele>
        <time>2026-05-09T21:05:38.050000Z</time>
      </trkpt>
      <trkpt lat="50.814311" lon="7.263207">
        <ele>161.527522</ele>
        <time>2026-05-09T21:05:45.149000Z</time>
      </trkpt>
      <trkpt lat="50.814677" lon="7.263222">
        <ele>161.772141</ele>
        <time>2026-05-09T21:05:53.245000Z</time>
      </trkpt>
      <trkpt lat="50.814437" lon="7.261622">
        <ele>162.278199</ele>
        <time>2026-05-09T21:06:30.239000Z</time>
      </trkpt>
      <trkpt lat="50.813803" lon="7.258152">
        <ele>161.632673</ele>
        <time>2026-05-09T21:07:50.375000Z</time>
      </trkpt>
      <trkpt lat="50.814067" lon="7.257847">
        <ele>161.316334</ele>
        <time>2026-05-09T21:08:00.055000Z</time>
      </trkpt>
      <trkpt lat="50.814211" lon="7.257541">
        <ele>161.083015</ele>
        <time>2026-05-09T21:08:06.966000Z</time>
      </trkpt>
      <trkpt lat="50.814788" lon="7.255719">
        <ele>155.854058</ele>
        <time>2026-05-09T21:08:40.857000Z</time>
      </trkpt>
      <trkpt lat="50.814854" lon="7.255234">
        <ele>154.483644</ele>
        <time>2026-05-09T21:08:48.793000Z</time>
      </trkpt>
      <trkpt lat="50.814804" lon="7.2537">
        <ele>150.688283</ele>
        <time>2026-05-09T21:09:14.151000Z</time>
      </trkpt>
      <trkpt lat="50.814754" lon="7.253501">
        <ele>150.189139</ele>
        <time>2026-05-09T21:09:17.778000Z</time>
      </trkpt>
      <trkpt lat="50.814726" lon="7.253413">
        <ele>149.959494</ele>
        <time>2026-05-09T21:09:19.467000Z</time>
      </trkpt>
      <trkpt lat="50.814298" lon="7.252788">
        <ele>147.811298</ele>
        <time>2026-05-09T21:09:35.455000Z</time>
      </trkpt>
      <trkpt lat="50.814135" lon="7.252282">
        <ele>146.487496</ele>
        <time>2026-05-09T21:09:45.778000Z</time>
      </trkpt>
      <trkpt lat="50.814073" lon="7.251752">
        <ele>145.238508</ele>
        <time>2026-05-09T21:09:55.556000Z</time>
      </trkpt>
      <trkpt lat="50.813947" lon="7.251333">
        <ele>144.163328</ele>
        <time>2026-05-09T21:10:03.747000Z</time>
      </trkpt>
      <trkpt lat="50.813698" lon="7.250262">
        <ele>141.519123</ele>
        <time>2026-05-09T21:10:23.281000Z</time>
      </trkpt>
      <trkpt lat="50.813598" lon="7.249351">
        <ele>138.98333</ele>
        <time>2026-05-09T21:10:38.508000Z</time>
      </trkpt>
      <trkpt lat="50.813572" lon="7.248597">
        <ele>135.8524</ele>
        <time>2026-05-09T21:10:50.595000Z</time>
      </trkpt>
      <trkpt lat="50.813414" lon="7.247854">
        <ele>132.60193</ele>
        <time>2026-05-09T21:11:02.692000Z</time>
      </trkpt>
      <trkpt lat="50.813183" lon="7.247525">
        <ele>130.562652</ele>
        <time>2026-05-09T21:11:10.172000Z</time>
      </trkpt>
      <trkpt lat="50.812673" lon="7.246964">
        <ele>126.430872</ele>
        <time>2026-05-09T21:11:25.047000Z</time>
      </trkpt>
      <trkpt lat="50.812382" lon="7.24669">
        <ele>124.130211</ele>
        <time>2026-05-09T21:11:33.185000Z</time>
      </trkpt>
      <trkpt lat="50.812018" lon="7.245906">
        <ele>119.953404</ele>
        <time>2026-05-09T21:11:48.056000Z</time>
      </trkpt>
      <trkpt lat="50.81181" lon="7.244616">
        <ele>114.824184</ele>
        <time>2026-05-09T21:12:09.286000Z</time>
      </trkpt>
      <trkpt lat="50.811849" lon="7.244564">
        <ele>114.603645</ele>
        <time>2026-05-09T21:12:10.517000Z</time>
      </trkpt>
      <trkpt lat="50.81228" lon="7.242708">
        <ele>109.200295</ele>
        <time>2026-05-09T21:12:47.514000Z</time>
      </trkpt>
      <trkpt lat="50.811974" lon="7.241268">
        <ele>106.354842</ele>
        <time>2026-05-09T21:13:16.974000Z</time>
      </trkpt>
      <trkpt lat="50.811903" lon="7.240691">
        <ele>105.442303</ele>
        <time>2026-05-09T21:13:28.742000Z</time>
      </trkpt>
      <trkpt lat="50.811803" lon="7.240198">
        <ele>104.638521</ele>
        <time>2026-05-09T21:13:39.329000Z</time>
      </trkpt>
      <trkpt lat="50.810981" lon="7.237228">
        <ele>101.711915</ele>
        <time>2026-05-09T21:14:48.971000Z</time>
      </trkpt>
      <trkpt lat="50.811029" lon="7.23707">
        <ele>101.581383</ele>
        <time>2026-05-09T21:14:52.880000Z</time>
      </trkpt>
      <trkpt lat="50.811402" lon="7.237342">
        <ele>101.128818</ele>
        <time>2026-05-09T21:14:59.326000Z</time>
      </trkpt>
      <trkpt lat="50.811783" lon="7.237557">
        <ele>100.686407</ele>
        <time>2026-05-09T21:15:05.583000Z</time>
      </trkpt>
      <trkpt lat="50.811947" lon="7.237687">
        <ele>100.485792</ele>
        <time>2026-05-09T21:15:08.360000Z</time>
      </trkpt>
      <trkpt lat="50.812158" lon="7.237957">
        <ele>100.189015</ele>
        <time>2026-05-09T21:15:12.418000Z</time>
      </trkpt>
      <trkpt lat="50.812222" lon="7.237229">
        <ele>99.681053</ele>
        <time>2026-05-09T21:15:19.163000Z</time>
      </trkpt>
      <trkpt lat="50.812036" lon="7.236567">
        <ele>98.554926</ele>
        <time>2026-05-09T21:15:26.347000Z</time>
      </trkpt>
      <trkpt lat="50.812001" lon="7.235083">
        <ele>95.869075</ele>
        <time>2026-05-09T21:15:39.891000Z</time>
      </trkpt>
      <trkpt lat="50.812114" lon="7.233561">
        <ele>93.080903</ele>
        <time>2026-05-09T21:15:53.576000Z</time>
      </trkpt>
      <trkpt lat="50.812152" lon="7.232627">
        <ele>91.366991</ele>
        <time>2026-05-09T21:16:02.093000Z</time>
      </trkpt>
      <trkpt lat="50.812289" lon="7.230068">
        <ele>87.384927</ele>
        <time>2026-05-09T21:16:26.719000Z</time>
      </trkpt>
      <trkpt lat="50.812312" lon="7.227115">
        <ele>83.665176</ele>
        <time>2026-05-09T21:16:55.857000Z</time>
      </trkpt>
      <trkpt lat="50.814052" lon="7.227038">
        <ele>80.614732</ele>
        <time>2026-05-09T21:17:22.891000Z</time>
      </trkpt>
      <trkpt lat="50.816046" lon="7.226941">
        <ele>78.122815</ele>
        <time>2026-05-09T21:17:55.894000Z</time>
      </trkpt>
      <trkpt lat="50.816158" lon="7.226935">
        <ele>78.015788</ele>
        <time>2026-05-09T21:17:57.979000Z</time>
      </trkpt>
      <trkpt lat="50.816753" lon="7.226937">
        <ele>77.447531</ele>
        <time>2026-05-09T21:18:09.088000Z</time>
      </trkpt>
      <trkpt lat="50.816772" lon="7.226534">
        <ele>77.091596</ele>
        <time>2026-05-09T21:18:16.832000Z</time>
      </trkpt>
      <trkpt lat="50.816831" lon="7.22522">
        <ele>75.918417</ele>
        <time>2026-05-09T21:18:41.012000Z</time>
      </trkpt>
      <trkpt lat="50.817034" lon="7.221571">
        <ele>71.735689</ele>
        <time>2026-05-09T21:19:43.792000Z</time>
      </trkpt>
      <trkpt lat="50.817505" lon="7.220336">
        <ele>70.828138</ele>
        <time>2026-05-09T21:20:10.177000Z</time>
      </trkpt>
      <trkpt lat="50.819924" lon="7.21409">
        <ele>68.295272</ele>
        <time>2026-05-09T21:21:32.396000Z</time>
      </trkpt>
      <trkpt lat="50.819825" lon="7.213309">
        <ele>69.279088</ele>
        <time>2026-05-09T21:21:44.262000Z</time>
      </trkpt>
      <trkpt lat="50.817909" lon="7.213172">
        <ele>73.956369</ele>
        <time>2026-05-09T21:22:46.691000Z</time>
      </trkpt>
      <trkpt lat="50.817287" lon="7.212976">
        <ele>75.779919</ele>
        <time>2026-05-09T21:23:08.228000Z</time>
      </trkpt>
      <trkpt lat="50.816162" lon="7.212506">
        <ele>78.453808</ele>
        <time>2026-05-09T21:23:43.392000Z</time>
      </trkpt>
      <trkpt lat="50.816046" lon="7.212624">
        <ele>78.685374</ele>
        <time>2026-05-09T21:23:49.154000Z</time>
      </trkpt>
      <trkpt lat="50.816162" lon="7.212506">
        <ele>78.916941</ele>
        <time>2026-05-09T21:23:54.824000Z</time>
      </trkpt>
      <trkpt lat="50.814986" lon="7.211995">
        <ele>80.755464</ele>
        <time>2026-05-09T21:24:22.272000Z</time>
      </trkpt>
      <trkpt lat="50.814664" lon="7.21189">
        <ele>81.040914</ele>
        <time>2026-05-09T21:24:29.098000Z</time>
      </trkpt>
      <trkpt lat="50.814573" lon="7.211845">
        <ele>81.123692</ele>
        <time>2026-05-09T21:24:31.063000Z</time>
      </trkpt>
      <trkpt lat="50.81419" lon="7.211681">
        <ele>81.468189</ele>
        <time>2026-05-09T21:24:39.081000Z</time>
      </trkpt>
      <trkpt lat="50.814147" lon="7.211662">
        <ele>81.506952</ele>
        <time>2026-05-09T21:24:40.026000Z</time>
      </trkpt>
      <trkpt lat="50.814329" lon="7.21106">
        <ele>81.873065</ele>
        <time>2026-05-09T21:24:55.576000Z</time>
      </trkpt>
      <trkpt lat="50.814482" lon="7.210383">
        <ele>82.32745</ele>
        <time>2026-05-09T21:25:11.767000Z</time>
      </trkpt>
      <trkpt lat="50.814543" lon="7.21">
        <ele>82.618538</ele>
        <time>2026-05-09T21:25:20.901000Z</time>
      </trkpt>
      <trkpt lat="50.814542" lon="7.209825">
        <ele>82.747513</ele>
        <time>2026-05-09T21:25:25.012000Z</time>
      </trkpt>
      <trkpt lat="50.814489" lon="7.209517">
        <ele>82.982767</ele>
        <time>2026-05-09T21:25:32.666000Z</time>
      </trkpt>
      <trkpt lat="50.814377" lon="7.209218">
        <ele>83.238935</ele>
        <time>2026-05-09T21:25:41.250000Z</time>
      </trkpt>
      <trkpt lat="50.814212" lon="7.208943">
        <ele>83.518423</ele>
        <time>2026-05-09T21:25:50.824000Z</time>
      </trkpt>
      <trkpt lat="50.81412" lon="7.208873">
        <ele>83.637488</ele>
        <time>2026-05-09T21:25:54.977000Z</time>
      </trkpt>
      <trkpt lat="50.81295" lon="7.208516">
        <ele>83.533426</ele>
        <time>2026-05-09T21:26:36.989000Z</time>
      </trkpt>
      <trkpt lat="50.812911" lon="7.208503">
        <ele>83.496886</ele>
        <time>2026-05-09T21:26:37.591000Z</time>
      </trkpt>
      <trkpt lat="50.812508" lon="7.208364">
        <ele>83.118742</ele>
        <time>2026-05-09T21:26:43.458000Z</time>
      </trkpt>
      <trkpt lat="50.812271" lon="7.208273">
        <ele>82.895156</ele>
        <time>2026-05-09T21:26:46.708000Z</time>
      </trkpt>
      <trkpt lat="50.812059" lon="7.208192">
        <ele>82.69521</ele>
        <time>2026-05-09T21:26:49.581000Z</time>
      </trkpt>
      <trkpt lat="50.811751" lon="7.208074">
        <ele>82.145476</ele>
        <time>2026-05-09T21:26:53.635000Z</time>
      </trkpt>
      <trkpt lat="50.811702" lon="7.208055">
        <ele>82.011838</ele>
        <time>2026-05-09T21:26:54.273000Z</time>
      </trkpt>
      <trkpt lat="50.811603" lon="7.208017">
        <ele>81.741988</ele>
        <time>2026-05-09T21:26:55.590000Z</time>
      </trkpt>
      <trkpt lat="50.811407" lon="7.207942">
        <ele>81.207832</ele>
        <time>2026-05-09T21:26:58.184000Z</time>
      </trkpt>
      <trkpt lat="50.81136" lon="7.207895">
        <ele>81.060559</ele>
        <time>2026-05-09T21:26:58.906000Z</time>
      </trkpt>
      <trkpt lat="50.811322" lon="7.207832">
        <ele>80.914778</ele>
        <time>2026-05-09T21:26:59.610000Z</time>
      </trkpt>
      <trkpt lat="50.811803" lon="7.206855">
        <ele>78.841694</ele>
        <time>2026-05-09T21:27:09.757000Z</time>
      </trkpt>
      <trkpt lat="50.811772" lon="7.206755">
        <ele>78.655256</ele>
        <time>2026-05-09T21:27:10.802000Z</time>
      </trkpt>
      <trkpt lat="50.811688" lon="7.204009">
        <ele>75.052996</ele>
        <time>2026-05-09T21:28:00.208000Z</time>
      </trkpt>
      <trkpt lat="50.811659" lon="7.203438">
        <ele>74.351503</ele>
        <time>2026-05-09T21:28:11.671000Z</time>
      </trkpt>
      <trkpt lat="50.812284" lon="7.203271">
        <ele>74.401717</ele>
        <time>2026-05-09T21:28:24.968000Z</time>
      </trkpt>
      <trkpt lat="50.812793" lon="7.203091">
        <ele>74.497046</ele>
        <time>2026-05-09T21:28:37.488000Z</time>
      </trkpt>
      <trkpt lat="50.813067" lon="7.20286">
        <ele>74.55379</ele>
        <time>2026-05-09T21:28:44.671000Z</time>
      </trkpt>
      <trkpt lat="50.813924" lon="7.199372">
        <ele>73.059348</ele>
        <time>2026-05-09T21:30:00.110000Z</time>
      </trkpt>
      <trkpt lat="50.814031" lon="7.199209">
        <ele>72.814332</ele>
        <time>2026-05-09T21:30:04.541000Z</time>
      </trkpt>
      <trkpt lat="50.814033" lon="7.19908">
        <ele>72.679821</ele>
        <time>2026-05-09T21:30:06.971000Z</time>
      </trkpt>
      <trkpt lat="50.814218" lon="7.199002">
        <ele>72.363964</ele>
        <time>2026-05-09T21:30:09.988000Z</time>
      </trkpt>
      <trkpt lat="50.815807" lon="7.19896">
        <ele>69.783262</ele>
        <time>2026-05-09T21:30:34.795000Z</time>
      </trkpt>
      <trkpt lat="50.816041" lon="7.198912">
        <ele>69.417439</ele>
        <time>2026-05-09T21:30:38.509000Z</time>
      </trkpt>
      <trkpt lat="50.816464" lon="7.198941">
        <ele>68.761013</ele>
        <time>2026-05-09T21:30:45.234000Z</time>
      </trkpt>
      <trkpt lat="50.816417" lon="7.19851">
        <ele>68.332588</ele>
        <time>2026-05-09T21:30:53.520000Z</time>
      </trkpt>
      <trkpt lat="50.815714" lon="7.197199">
        <ele>67.176609</ele>
        <time>2026-05-09T21:31:25.032000Z</time>
      </trkpt>
      <trkpt lat="50.815493" lon="7.196673">
        <ele>66.88848</ele>
        <time>2026-05-09T21:31:37.160000Z</time>
      </trkpt>
      <trkpt lat="50.814609" lon="7.195144">
        <ele>65.730017</ele>
        <time>2026-05-09T21:32:17.274000Z</time>
      </trkpt>
      <trkpt lat="50.814433" lon="7.19443">
        <ele>65.192017</ele>
        <time>2026-05-09T21:32:31.471000Z</time>
      </trkpt>
      <trkpt lat="50.81438" lon="7.194214">
        <ele>65.029358</ele>
        <time>2026-05-09T21:32:35.637000Z</time>
      </trkpt>
      <trkpt lat="50.814121" lon="7.193292">
        <ele>64.311774</ele>
        <time>2026-05-09T21:32:53.330000Z</time>
      </trkpt>
      <trkpt lat="50.813801" lon="7.19246">
        <ele>63.297505</ele>
        <time>2026-05-09T21:33:10.345000Z</time>
      </trkpt>
      <trkpt lat="50.813272" lon="7.191048">
        <ele>61.58811</ele>
        <time>2026-05-09T21:33:39.350000Z</time>
      </trkpt>
      <trkpt lat="50.812734" lon="7.189999">
        <ele>60.433113</ele>
        <time>2026-05-09T21:34:04.126000Z</time>
      </trkpt>
      <trkpt lat="50.812586" lon="7.189657">
        <ele>60.092471</ele>
        <time>2026-05-09T21:34:11.784000Z</time>
      </trkpt>
      <trkpt lat="50.812341" lon="7.188946">
        <ele>59.426952</ele>
        <time>2026-05-09T21:34:26.624000Z</time>
      </trkpt>
      <trkpt lat="50.81226" lon="7.188637">
        <ele>59.152037</ele>
        <time>2026-05-09T21:34:32.518000Z</time>
      </trkpt>
      <trkpt lat="50.812195" lon="7.188542">
        <ele>59.036967</ele>
        <time>2026-05-09T21:34:34.969000Z</time>
      </trkpt>
      <trkpt lat="50.811971" lon="7.188394">
        <ele>58.672768</ele>
        <time>2026-05-09T21:34:41.691000Z</time>
      </trkpt>
      <trkpt lat="50.811937" lon="7.188318">
        <ele>58.584476</ele>
        <time>2026-05-09T21:34:43.310000Z</time>
      </trkpt>
      <trkpt lat="50.811849" lon="7.187909">
        <ele>58.174817</ele>
        <time>2026-05-09T21:34:50.823000Z</time>
      </trkpt>
      <trkpt lat="50.811861" lon="7.187769">
        <ele>58.04086</ele>
        <time>2026-05-09T21:34:53.262000Z</time>
      </trkpt>
      <trkpt lat="50.811971" lon="7.187476">
        <ele>57.717716</ele>
        <time>2026-05-09T21:34:59.177000Z</time>
      </trkpt>
      <trkpt lat="50.811991" lon="7.18742">
        <ele>57.656725</ele>
        <time>2026-05-09T21:35:00.297000Z</time>
      </trkpt>
      <trkpt lat="50.811969" lon="7.186104">
        <ele>56.408525</ele>
        <time>2026-05-09T21:35:19.447000Z</time>
      </trkpt>
      <trkpt lat="50.811947" lon="7.185979">
        <ele>56.332622</ele>
        <time>2026-05-09T21:35:21.410000Z</time>
      </trkpt>
      <trkpt lat="50.811886" lon="7.1859">
        <ele>56.321015</ele>
        <time>2026-05-09T21:35:23.339000Z</time>
      </trkpt>
      <trkpt lat="50.811789" lon="7.185843">
        <ele>56.305777</ele>
        <time>2026-05-09T21:35:25.952000Z</time>
      </trkpt>
      <trkpt lat="50.812029" lon="7.184814">
        <ele>56.203712</ele>
        <time>2026-05-09T21:35:38.205000Z</time>
      </trkpt>
      <trkpt lat="50.812371" lon="7.183261">
        <ele>55.992478</ele>
        <time>2026-05-09T21:35:57.051000Z</time>
      </trkpt>
      <trkpt lat="50.812423" lon="7.18304">
        <ele>55.912996</ele>
        <time>2026-05-09T21:35:59.859000Z</time>
      </trkpt>
      <trkpt lat="50.812432" lon="7.182971">
        <ele>55.889251</ele>
        <time>2026-05-09T21:36:00.690000Z</time>
      </trkpt>
      <trkpt lat="50.81239" lon="7.182871">
        <ele>55.848781</ele>
        <time>2026-05-09T21:36:02.106000Z</time>
      </trkpt>
      <trkpt lat="50.812264" lon="7.182815">
        <ele>55.778972</ele>
        <time>2026-05-09T21:36:06.105000Z</time>
      </trkpt>
      <trkpt lat="50.812206" lon="7.182744">
        <ele>55.73986</ele>
        <time>2026-05-09T21:36:08.372000Z</time>
      </trkpt>
      <trkpt lat="50.812153" lon="7.182613">
        <ele>55.687433</ele>
        <time>2026-05-09T21:36:11.348000Z</time>
      </trkpt>
      <trkpt lat="50.811924" lon="7.181792">
        <ele>55.384963</ele>
        <time>2026-05-09T21:36:23.403000Z</time>
      </trkpt>
      <trkpt lat="50.811755" lon="7.181194">
        <ele>55.164172</ele>
        <time>2026-05-09T21:36:31.925000Z</time>
      </trkpt>
      <trkpt lat="50.811623" lon="7.180719">
        <ele>55.183245</ele>
        <time>2026-05-09T21:36:38.886000Z</time>
      </trkpt>
      <trkpt lat="50.811523" lon="7.180353">
        <ele>55.258747</ele>
        <time>2026-05-09T21:36:44.482000Z</time>
      </trkpt>
      <trkpt lat="50.811348" lon="7.179779">
        <ele>55.379423</ele>
        <time>2026-05-09T21:36:54.023000Z</time>
      </trkpt>
      <trkpt lat="50.811219" lon="7.179548">
        <ele>55.437796</ele>
        <time>2026-05-09T21:36:58.770000Z</time>
      </trkpt>
      <trkpt lat="50.809784" lon="7.177861">
        <ele>56.526716</ele>
        <time>2026-05-09T21:37:49.537000Z</time>
      </trkpt>
      <trkpt lat="50.809768" lon="7.177771">
        <ele>56.574929</ele>
        <time>2026-05-09T21:37:51.214000Z</time>
      </trkpt>
      <trkpt lat="50.809885" lon="7.177532">
        <ele>56.730838</ele>
        <time>2026-05-09T21:37:56.467000Z</time>
      </trkpt>
      <trkpt lat="50.809876" lon="7.177201">
        <ele>56.901688</ele>
        <time>2026-05-09T21:38:01.246000Z</time>
      </trkpt>
      <trkpt lat="50.809852" lon="7.177074">
        <ele>56.970046</ele>
        <time>2026-05-09T21:38:03.060000Z</time>
      </trkpt>
      <trkpt lat="50.809702" lon="7.176581">
        <ele>57.033365</ele>
        <time>2026-05-09T21:38:09.887000Z</time>
      </trkpt>
      <trkpt lat="50.80957" lon="7.176339">
        <ele>56.92468</ele>
        <time>2026-05-09T21:38:13.622000Z</time>
      </trkpt>
      <trkpt lat="50.809319" lon="7.176096">
        <ele>56.766372</ele>
        <time>2026-05-09T21:38:18.958000Z</time>
      </trkpt>
      <trkpt lat="50.808993" lon="7.175992">
        <ele>56.58745</ele>
        <time>2026-05-09T21:38:24.871000Z</time>
      </trkpt>
      <trkpt lat="50.808946" lon="7.175973">
        <ele>56.561351</ele>
        <time>2026-05-09T21:38:25.718000Z</time>
      </trkpt>
      <trkpt lat="50.808713" lon="7.175816">
        <ele>56.425103</ele>
        <time>2026-05-09T21:38:30.198000Z</time>
      </trkpt>
      <trkpt lat="50.808678" lon="7.175788">
        <ele>56.404003</ele>
        <time>2026-05-09T21:38:30.893000Z</time>
      </trkpt>
      <trkpt lat="50.808628" lon="7.175749">
        <ele>56.374012</ele>
        <time>2026-05-09T21:38:31.865000Z</time>
      </trkpt>
      <trkpt lat="50.808526" lon="7.175654">
        <ele>56.310335</ele>
        <time>2026-05-09T21:38:33.954000Z</time>
      </trkpt>
      <trkpt lat="50.808145" lon="7.175525">
        <ele>56.162634</ele>
        <time>2026-05-09T21:38:41.005000Z</time>
      </trkpt>
      <trkpt lat="50.807674" lon="7.175428">
        <ele>56.211932</ele>
        <time>2026-05-09T21:38:49.017000Z</time>
      </trkpt>
      <trkpt lat="50.807502" lon="7.175381">
        <ele>56.230048</ele>
        <time>2026-05-09T21:38:52.405000Z</time>
      </trkpt>
      <trkpt lat="50.806688" lon="7.175179">
        <ele>56.315568</ele>
        <time>2026-05-09T21:39:08.188000Z</time>
      </trkpt>
      <trkpt lat="50.806521" lon="7.175196">
        <ele>56.332937</ele>
        <time>2026-05-09T21:39:11.215000Z</time>
      </trkpt>
      <trkpt lat="50.806294" lon="7.175342">
        <ele>56.292182</ele>
        <time>2026-05-09T21:39:15.513000Z</time>
      </trkpt>
      <trkpt lat="50.806016" lon="7.176247">
        <ele>56.129045</ele>
        <time>2026-05-09T21:39:26.333000Z</time>
      </trkpt>
      <trkpt lat="50.805943" lon="7.176329">
        <ele>56.106078</ele>
        <time>2026-05-09T21:39:27.780000Z</time>
      </trkpt>
      <trkpt lat="50.805587" lon="7.176044">
        <ele>56.003725</ele>
        <time>2026-05-09T21:39:34.112000Z</time>
      </trkpt>
      <trkpt lat="50.805563" lon="7.175967">
        <ele>55.989805</ele>
        <time>2026-05-09T21:39:34.953000Z</time>
      </trkpt>
      <trkpt lat="50.805539" lon="7.175845">
        <ele>55.96909</ele>
        <time>2026-05-09T21:39:36.232000Z</time>
      </trkpt>
      <trkpt lat="50.804896" lon="7.175535">
        <ele>55.604835</ele>
        <time>2026-05-09T21:39:46.748000Z</time>
      </trkpt>
      <trkpt lat="50.804132" lon="7.175063">
        <ele>54.897555</ele>
        <time>2026-05-09T21:39:59.223000Z</time>
      </trkpt>
      <trkpt lat="50.803962" lon="7.175073">
        <ele>54.750853</ele>
        <time>2026-05-09T21:40:01.743000Z</time>
      </trkpt>
      <trkpt lat="50.803685" lon="7.175098">
        <ele>54.51159</ele>
        <time>2026-05-09T21:40:05.823000Z</time>
      </trkpt>
      <trkpt lat="50.803561" lon="7.175109">
        <ele>54.404489</ele>
        <time>2026-05-09T21:40:07.642000Z</time>
      </trkpt>
      <trkpt lat="50.803239" lon="7.175154">
        <ele>54.137786</ele>
        <time>2026-05-09T21:40:12.365000Z</time>
      </trkpt>
      <trkpt lat="50.802709" lon="7.175419">
        <ele>53.687205</ele>
        <time>2026-05-09T21:40:20.602000Z</time>
      </trkpt>
      <trkpt lat="50.802339" lon="7.175326">
        <ele>53.383506</ele>
        <time>2026-05-09T21:40:26.369000Z</time>
      </trkpt>
      <trkpt lat="50.802" lon="7.175103">
        <ele>53.085895</ele>
        <time>2026-05-09T21:40:32.091000Z</time>
      </trkpt>
      <trkpt lat="50.801376" lon="7.174537">
        <ele>52.718082</ele>
        <time>2026-05-09T21:40:43.489000Z</time>
      </trkpt>
      <trkpt lat="50.801111" lon="7.174221">
        <ele>52.607331</ele>
        <time>2026-05-09T21:40:48.815000Z</time>
      </trkpt>
      <trkpt lat="50.800917" lon="7.173902">
        <ele>52.513949</ele>
        <time>2026-05-09T21:40:53.359000Z</time>
      </trkpt>
      <trkpt lat="50.800474" lon="7.173022">
        <ele>52.276633</ele>
        <time>2026-05-09T21:41:05.123000Z</time>
      </trkpt>
      <trkpt lat="50.800392" lon="7.172692">
        <ele>52.28045</ele>
        <time>2026-05-09T21:41:08.924000Z</time>
      </trkpt>
      <trkpt lat="50.800338" lon="7.172258">
        <ele>52.297307</ele>
        <time>2026-05-09T21:41:13.709000Z</time>
      </trkpt>
      <trkpt lat="50.800098" lon="7.171368">
        <ele>52.334185</ele>
        <time>2026-05-09T21:41:24.481000Z</time>
      </trkpt>
      <trkpt lat="50.799903" lon="7.170193">
        <ele>52.396183</ele>
        <time>2026-05-09T21:41:37.991000Z</time>
      </trkpt>
      <trkpt lat="50.799727" lon="7.169407">
        <ele>52.566344</ele>
        <time>2026-05-09T21:41:47.124000Z</time>
      </trkpt>
      <trkpt lat="50.799519" lon="7.16866">
        <ele>52.732916</ele>
        <time>2026-05-09T21:41:56.599000Z</time>
      </trkpt>
      <trkpt lat="50.799235" lon="7.167974">
        <ele>52.90026</ele>
        <time>2026-05-09T21:42:06.599000Z</time>
      </trkpt>
      <trkpt lat="50.799169" lon="7.167759">
        <ele>52.949035</ele>
        <time>2026-05-09T21:42:09.419000Z</time>
      </trkpt>
      <trkpt lat="50.79925" lon="7.167415">
        <ele>53.211116</ele>
        <time>2026-05-09T21:42:13.958000Z</time>
      </trkpt>
      <trkpt lat="50.799303" lon="7.167362">
        <ele>53.288465</ele>
        <time>2026-05-09T21:42:15.237000Z</time>
      </trkpt>
      <trkpt lat="50.799229" lon="7.167063">
        <ele>53.53884</ele>
        <time>2026-05-09T21:42:19.466000Z</time>
      </trkpt>
      <trkpt lat="50.799145" lon="7.166792">
        <ele>53.774189</ele>
        <time>2026-05-09T21:42:23.629000Z</time>
      </trkpt>
      <trkpt lat="50.799059" lon="7.166665">
        <ele>53.919318</ele>
        <time>2026-05-09T21:42:26.247000Z</time>
      </trkpt>
      <trkpt lat="50.798952" lon="7.166602">
        <ele>54.060165</ele>
        <time>2026-05-09T21:42:28.865000Z</time>
      </trkpt>
      <trkpt lat="50.798915" lon="7.166596">
        <ele>54.10605</ele>
        <time>2026-05-09T21:42:29.708000Z</time>
      </trkpt>
      <trkpt lat="50.796744" lon="7.166385">
        <ele>56.948241</ele>
        <time>2026-05-09T21:43:23.538000Z</time>
      </trkpt>
      <trkpt lat="50.796257" lon="7.166337">
        <ele>57.609488</ele>
        <time>2026-05-09T21:43:34.383000Z</time>
      </trkpt>
      <trkpt lat="50.796232" lon="7.166412">
        <ele>57.568184</ele>
        <time>2026-05-09T21:43:35.273000Z</time>
      </trkpt>
      <trkpt lat="50.796773" lon="7.166529">
        <ele>57.070551</ele>
        <time>2026-05-09T21:43:44.798000Z</time>
      </trkpt>
      <trkpt lat="50.796846" lon="7.16654">
        <ele>57.003721</ele>
        <time>2026-05-09T21:43:45.807000Z</time>
      </trkpt>
      <trkpt lat="50.796773" lon="7.166529">
        <ele>56.93689</ele>
        <time>2026-05-09T21:43:46.983000Z</time>
      </trkpt>
      <trkpt lat="50.796232" lon="7.166412">
        <ele>56.439257</ele>
        <time>2026-05-09T21:43:54.635000Z</time>
      </trkpt>
      <trkpt lat="50.796257" lon="7.166337">
        <ele>56.390413</ele>
        <time>2026-05-09T21:43:55.451000Z</time>
      </trkpt>
      <trkpt lat="50.79624" lon="7.166259">
        <ele>56.342884</ele>
        <time>2026-05-09T21:43:56.158000Z</time>
      </trkpt>
      <trkpt lat="50.795721" lon="7.166183">
        <ele>55.847721</ele>
        <time>2026-05-09T21:44:04.577000Z</time>
      </trkpt>
      <trkpt lat="50.794585" lon="7.165832">
        <ele>54.594105</ele>
        <time>2026-05-09T21:44:23.898000Z</time>
      </trkpt>
      <trkpt lat="50.794302" lon="7.16574">
        <ele>54.281191</ele>
        <time>2026-05-09T21:44:30.558000Z</time>
      </trkpt>
      <trkpt lat="50.793904" lon="7.165578">
        <ele>54.081425</ele>
        <time>2026-05-09T21:44:37.732000Z</time>
      </trkpt>
      <trkpt lat="50.793711" lon="7.165504">
        <ele>54.143153</ele>
        <time>2026-05-09T21:44:41.370000Z</time>
      </trkpt>
      <trkpt lat="50.793219" lon="7.165483">
        <ele>54.29614</ele>
        <time>2026-05-09T21:44:50.735000Z</time>
      </trkpt>
      <trkpt lat="50.792927" lon="7.165463">
        <ele>54.386989</ele>
        <time>2026-05-09T21:44:56.196000Z</time>
      </trkpt>
      <trkpt lat="50.79273" lon="7.165431">
        <ele>54.448546</ele>
        <time>2026-05-09T21:44:59.955000Z</time>
      </trkpt>
      <trkpt lat="50.792058" lon="7.16552">
        <ele>54.778008</ele>
        <time>2026-05-09T21:45:12.497000Z</time>
      </trkpt>
      <trkpt lat="50.791886" lon="7.165514">
        <ele>54.920058</ele>
        <time>2026-05-09T21:45:15.846000Z</time>
      </trkpt>
      <trkpt lat="50.791291" lon="7.165597">
        <ele>55.41324</ele>
        <time>2026-05-09T21:45:28.767000Z</time>
      </trkpt>
      <trkpt lat="50.791196" lon="7.165702">
        <ele>55.508929</ele>
        <time>2026-05-09T21:45:31.321000Z</time>
      </trkpt>
      <trkpt lat="50.790954" lon="7.165721">
        <ele>55.708988</ele>
        <time>2026-05-09T21:45:36.577000Z</time>
      </trkpt>
      <trkpt lat="50.790609" lon="7.165756">
        <ele>55.99443</ele>
        <time>2026-05-09T21:45:44.390000Z</time>
      </trkpt>
      <trkpt lat="50.790166" lon="7.165717">
        <ele>56.285245</ele>
        <time>2026-05-09T21:45:54.121000Z</time>
      </trkpt>
      <trkpt lat="50.789863" lon="7.165669">
        <ele>56.471167</ele>
        <time>2026-05-09T21:46:00.738000Z</time>
      </trkpt>
      <trkpt lat="50.78903" lon="7.165532">
        <ele>56.982499</ele>
        <time>2026-05-09T21:46:17.837000Z</time>
      </trkpt>
      <trkpt lat="50.788854" lon="7.165531">
        <ele>57.089957</ele>
        <time>2026-05-09T21:46:21.251000Z</time>
      </trkpt>
      <trkpt lat="50.788775" lon="7.165572">
        <ele>57.14072</ele>
        <time>2026-05-09T21:46:22.863000Z</time>
      </trkpt>
      <trkpt lat="50.78866" lon="7.165698">
        <ele>57.166538</ele>
        <time>2026-05-09T21:46:25.561000Z</time>
      </trkpt>
      <trkpt lat="50.788571" lon="7.165871">
        <ele>57.162737</ele>
        <time>2026-05-09T21:46:28.259000Z</time>
      </trkpt>
      <trkpt lat="50.788433" lon="7.165994">
        <ele>57.158467</ele>
        <time>2026-05-09T21:46:31.248000Z</time>
      </trkpt>
      <trkpt lat="50.788317" lon="7.166041">
        <ele>57.155239</ele>
        <time>2026-05-09T21:46:33.498000Z</time>
      </trkpt>
      <trkpt lat="50.787502" lon="7.166153">
        <ele>57.133187</ele>
        <time>2026-05-09T21:46:48.414000Z</time>
      </trkpt>
      <trkpt lat="50.78729" lon="7.166182">
        <ele>57.127451</ele>
        <time>2026-05-09T21:46:52.025000Z</time>
      </trkpt>
      <trkpt lat="50.787082" lon="7.166264">
        <ele>57.121673</ele>
        <time>2026-05-09T21:46:55.573000Z</time>
      </trkpt>
      <trkpt lat="50.787044" lon="7.166295">
        <ele>57.119813</ele>
        <time>2026-05-09T21:46:56.288000Z</time>
      </trkpt>
      <trkpt lat="50.786937" lon="7.16638">
        <ele>57.073502</ele>
        <time>2026-05-09T21:46:58.246000Z</time>
      </trkpt>
      <trkpt lat="50.786671" lon="7.166619">
        <ele>56.955181</ele>
        <time>2026-05-09T21:47:03.267000Z</time>
      </trkpt>
      <trkpt lat="50.786581" lon="7.166748">
        <ele>56.908206</ele>
        <time>2026-05-09T21:47:05.267000Z</time>
      </trkpt>
      <trkpt lat="50.786462" lon="7.167021">
        <ele>56.827122</ele>
        <time>2026-05-09T21:47:08.739000Z</time>
      </trkpt>
      <trkpt lat="50.786297" lon="7.167555">
        <ele>56.681786</ele>
        <time>2026-05-09T21:47:15.053000Z</time>
      </trkpt>
      <trkpt lat="50.786214" lon="7.167724">
        <ele>56.629457</ele>
        <time>2026-05-09T21:47:17.324000Z</time>
      </trkpt>
      <trkpt lat="50.786096" lon="7.167876">
        <ele>56.570598</ele>
        <time>2026-05-09T21:47:19.871000Z</time>
      </trkpt>
      <trkpt lat="50.785995" lon="7.167973">
        <ele>56.524897</ele>
        <time>2026-05-09T21:47:21.877000Z</time>
      </trkpt>
      <trkpt lat="50.785725" lon="7.168089">
        <ele>56.42565</ele>
        <time>2026-05-09T21:47:26.493000Z</time>
      </trkpt>
      <trkpt lat="50.785635" lon="7.168105">
        <ele>56.428818</ele>
        <time>2026-05-09T21:47:28.010000Z</time>
      </trkpt>
      <trkpt lat="50.785346" lon="7.168162">
        <ele>56.439005</ele>
        <time>2026-05-09T21:47:32.955000Z</time>
      </trkpt>
      <trkpt lat="50.785002" lon="7.168236">
        <ele>56.451148</ele>
        <time>2026-05-09T21:47:39.082000Z</time>
      </trkpt>
      <trkpt lat="50.784844" lon="7.168272">
        <ele>56.456731</ele>
        <time>2026-05-09T21:47:41.936000Z</time>
      </trkpt>
      <trkpt lat="50.784431" lon="7.168364">
        <ele>56.471319</ele>
        <time>2026-05-09T21:47:49.389000Z</time>
      </trkpt>
      <trkpt lat="50.783432" lon="7.168568">
        <ele>56.390564</ele>
        <time>2026-05-09T21:48:06.770000Z</time>
      </trkpt>
      <trkpt lat="50.783215" lon="7.168606">
        <ele>56.350919</ele>
        <time>2026-05-09T21:48:10.562000Z</time>
      </trkpt>
      <trkpt lat="50.78289" lon="7.168683">
        <ele>56.291244</ele>
        <time>2026-05-09T21:48:16.142000Z</time>
      </trkpt>
      <trkpt lat="50.782385" lon="7.168794">
        <ele>56.198662</ele>
        <time>2026-05-09T21:48:24.448000Z</time>
      </trkpt>
      <trkpt lat="50.782322" lon="7.168816">
        <ele>56.186947</ele>
        <time>2026-05-09T21:48:25.458000Z</time>
      </trkpt>
      <trkpt lat="50.782292" lon="7.168826">
        <ele>56.181379</ele>
        <time>2026-05-09T21:48:25.939000Z</time>
      </trkpt>
      <trkpt lat="50.782254" lon="7.168733">
        <ele>56.168666</ele>
        <time>2026-05-09T21:48:27.057000Z</time>
      </trkpt>
      <trkpt lat="50.782162" lon="7.168697">
        <ele>56.119136</ele>
        <time>2026-05-09T21:48:28.540000Z</time>
      </trkpt>
      <trkpt lat="50.782094" lon="7.16876">
        <ele>56.057399</ele>
        <time>2026-05-09T21:48:29.789000Z</time>
      </trkpt>
      <trkpt lat="50.782072" lon="7.168921">
        <ele>55.975813</ele>
        <time>2026-05-09T21:48:31.409000Z</time>
      </trkpt>
      <trkpt lat="50.781982" lon="7.168951">
        <ele>55.90376</ele>
        <time>2026-05-09T21:48:32.831000Z</time>
      </trkpt>
      <trkpt lat="50.781661" lon="7.169117">
        <ele>55.639195</ele>
        <time>2026-05-09T21:48:37.959000Z</time>
      </trkpt>
      <trkpt lat="50.781639" lon="7.169237">
        <ele>55.577309</ele>
        <time>2026-05-09T21:48:39.140000Z</time>
      </trkpt>
      <trkpt lat="50.78136" lon="7.169464">
        <ele>55.331521</ele>
        <time>2026-05-09T21:48:43.718000Z</time>
      </trkpt>
      <trkpt lat="50.781327" lon="7.1696">
        <ele>55.259368</ele>
        <time>2026-05-09T21:48:45.059000Z</time>
      </trkpt>
      <trkpt lat="50.781029" lon="7.169919">
        <ele>54.977475</ele>
        <time>2026-05-09T21:48:50.359000Z</time>
      </trkpt>
      <trkpt lat="50.780682" lon="7.170386">
        <ele>54.796156</ele>
        <time>2026-05-09T21:48:57.389000Z</time>
      </trkpt>
      <trkpt lat="50.780457" lon="7.17079">
        <ele>54.885217</ele>
        <time>2026-05-09T21:49:02.936000Z</time>
      </trkpt>
      <trkpt lat="50.779111" lon="7.17291">
        <ele>56.026382</ele>
        <time>2026-05-09T21:49:40.729000Z</time>
      </trkpt>
      <trkpt lat="50.778781" lon="7.173308">
        <ele>56.573613</ele>
        <time>2026-05-09T21:49:49.632000Z</time>
      </trkpt>
      <trkpt lat="50.77838" lon="7.173689">
        <ele>57.190457</ele>
        <time>2026-05-09T21:50:01.251000Z</time>
      </trkpt>
      <trkpt lat="50.778058" lon="7.173905">
        <ele>57.645635</ele>
        <time>2026-05-09T21:50:11.075000Z</time>
      </trkpt>
      <trkpt lat="50.777939" lon="7.174041">
        <ele>57.818838</ele>
        <time>2026-05-09T21:50:15.277000Z</time>
      </trkpt>
      <trkpt lat="50.777787" lon="7.173953">
        <ele>58.009789</ele>
        <time>2026-05-09T21:50:19.861000Z</time>
      </trkpt>
      <trkpt lat="50.777755" lon="7.173856">
        <ele>58.091401</ele>
        <time>2026-05-09T21:50:21.756000Z</time>
      </trkpt>
      <trkpt lat="50.77771" lon="7.173658">
        <ele>58.24835</ele>
        <time>2026-05-09T21:50:25.384000Z</time>
      </trkpt>
      <trkpt lat="50.77759" lon="7.17359">
        <ele>58.398726</ele>
        <time>2026-05-09T21:50:28.768000Z</time>
      </trkpt>
      <trkpt lat="50.777526" lon="7.173417">
        <ele>58.548239</ele>
        <time>2026-05-09T21:50:32.008000Z</time>
      </trkpt>
      <trkpt lat="50.77746" lon="7.173237">
        <ele>58.703452</ele>
        <time>2026-05-09T21:50:35.237000Z</time>
      </trkpt>
      <trkpt lat="50.777317" lon="7.172756">
        <ele>59.099936</ele>
        <time>2026-05-09T21:50:43.088000Z</time>
      </trkpt>
      <trkpt lat="50.777226" lon="7.17258">
        <ele>59.269527</ele>
        <time>2026-05-09T21:50:46.271000Z</time>
      </trkpt>
      <trkpt lat="50.777144" lon="7.172481">
        <ele>59.391229</ele>
        <time>2026-05-09T21:50:48.300000Z</time>
      </trkpt>
      <trkpt lat="50.777146" lon="7.172373">
        <ele>59.471828</ele>
        <time>2026-05-09T21:50:50.767000Z</time>
      </trkpt>
      <trkpt lat="50.776953" lon="7.17113">
        <ele>58.509718</ele>
        <time>2026-05-09T21:51:15.593000Z</time>
      </trkpt>
      <trkpt lat="50.77698" lon="7.170946">
        <ele>58.27037</ele>
        <time>2026-05-09T21:51:18.966000Z</time>
      </trkpt>
      <trkpt lat="50.777074" lon="7.170648">
        <ele>57.848392</ele>
        <time>2026-05-09T21:51:24.853000Z</time>
      </trkpt>
      <trkpt lat="50.77708" lon="7.170347">
        <ele>57.466797</ele>
        <time>2026-05-09T21:51:30.173000Z</time>
      </trkpt>
      <trkpt lat="50.776946" lon="7.169725">
        <ele>56.634157</ele>
        <time>2026-05-09T21:51:41.849000Z</time>
      </trkpt>
      <trkpt lat="50.776903" lon="7.169423">
        <ele>56.241902</ele>
        <time>2026-05-09T21:51:47.395000Z</time>
      </trkpt>
      <trkpt lat="50.776857" lon="7.169316">
        <ele>56.089196</ele>
        <time>2026-05-09T21:51:49.703000Z</time>
      </trkpt>
      <trkpt lat="50.77671" lon="7.169257">
        <ele>55.885541</ele>
        <time>2026-05-09T21:51:53.989000Z</time>
      </trkpt>
      <trkpt lat="50.775678" lon="7.169248">
        <ele>54.499713</ele>
        <time>2026-05-09T21:52:24.522000Z</time>
      </trkpt>
      <trkpt lat="50.775621" lon="7.169211">
        <ele>54.416974</ele>
        <time>2026-05-09T21:52:26.452000Z</time>
      </trkpt>
      <trkpt lat="50.776231" lon="7.166748">
        <ele>53.991954</ele>
        <time>2026-05-09T21:52:55.484000Z</time>
      </trkpt>
      <trkpt lat="50.776417" lon="7.16587">
        <ele>54.144062</ele>
        <time>2026-05-09T21:53:07.144000Z</time>
      </trkpt>
      <trkpt lat="50.776442" lon="7.165631">
        <ele>54.207249</ele>
        <time>2026-05-09T21:53:10.186000Z</time>
      </trkpt>
      <trkpt lat="50.776474" lon="7.164948">
        <ele>54.452324</ele>
        <time>2026-05-09T21:53:18.978000Z</time>
      </trkpt>
      <trkpt lat="50.776493" lon="7.164536">
        <ele>54.600146</ele>
        <time>2026-05-09T21:53:24.309000Z</time>
      </trkpt>
      <trkpt lat="50.776461" lon="7.164017">
        <ele>54.786746</ele>
        <time>2026-05-09T21:53:30.904000Z</time>
      </trkpt>
      <trkpt lat="50.776724" lon="7.162217">
        <ele>55.284111</ele>
        <time>2026-05-09T21:53:53.160000Z</time>
      </trkpt>
      <trkpt lat="50.776788" lon="7.162006">
        <ele>55.316308</ele>
        <time>2026-05-09T21:53:55.864000Z</time>
      </trkpt>
      <trkpt lat="50.776811" lon="7.161507">
        <ele>55.385144</ele>
        <time>2026-05-09T21:54:01.551000Z</time>
      </trkpt>
      <trkpt lat="50.776805" lon="7.161101">
        <ele>55.441018</ele>
        <time>2026-05-09T21:54:06.142000Z</time>
      </trkpt>
      <trkpt lat="50.776619" lon="7.159603">
        <ele>55.626696</ele>
        <time>2026-05-09T21:54:22.989000Z</time>
      </trkpt>
      <trkpt lat="50.77647" lon="7.15937">
        <ele>55.658026</ele>
        <time>2026-05-09T21:54:26.855000Z</time>
      </trkpt>
      <trkpt lat="50.776355" lon="7.159279">
        <ele>55.677253</ele>
        <time>2026-05-09T21:54:29.222000Z</time>
      </trkpt>
      <trkpt lat="50.77406" lon="7.158665">
        <ele>56.024296</ele>
        <time>2026-05-09T21:55:10.654000Z</time>
      </trkpt>
      <trkpt lat="50.774016" lon="7.158617">
        <ele>56.032246</ele>
        <time>2026-05-09T21:55:11.589000Z</time>
      </trkpt>
      <trkpt lat="50.773988" lon="7.15847">
        <ele>56.046685</ele>
        <time>2026-05-09T21:55:13.333000Z</time>
      </trkpt>
      <trkpt lat="50.774264" lon="7.156182">
        <ele>56.119446</ele>
        <time>2026-05-09T21:55:39.112000Z</time>
      </trkpt>
      <trkpt lat="50.77426" lon="7.156069">
        <ele>56.120117</ele>
        <time>2026-05-09T21:55:40.318000Z</time>
      </trkpt>
      <trkpt lat="50.774209" lon="7.156017">
        <ele>56.120685</ele>
        <time>2026-05-09T21:55:41.346000Z</time>
      </trkpt>
      <trkpt lat="50.771644" lon="7.155164">
        <ele>55.875895</ele>
        <time>2026-05-09T21:56:25.249000Z</time>
      </trkpt>
      <trkpt lat="50.771578" lon="7.155015">
        <ele>55.861128</ele>
        <time>2026-05-09T21:56:27.136000Z</time>
      </trkpt>
      <trkpt lat="50.771535" lon="7.154407">
        <ele>55.811465</ele>
        <time>2026-05-09T21:56:33.521000Z</time>
      </trkpt>
      <trkpt lat="50.771496" lon="7.153048">
        <ele>55.701032</ele>
        <time>2026-05-09T21:56:48.027000Z</time>
      </trkpt>
      <trkpt lat="50.771429" lon="7.152531">
        <ele>55.670427</ele>
        <time>2026-05-09T21:56:53.690000Z</time>
      </trkpt>
      <trkpt lat="50.771313" lon="7.151888">
        <ele>55.666225</ele>
        <time>2026-05-09T21:57:00.733000Z</time>
      </trkpt>
      <trkpt lat="50.771186" lon="7.151341">
        <ele>55.662562</ele>
        <time>2026-05-09T21:57:06.793000Z</time>
      </trkpt>
      <trkpt lat="50.770974" lon="7.150701">
        <ele>55.658021</ele>
        <time>2026-05-09T21:57:14.587000Z</time>
      </trkpt>
      <trkpt lat="50.770634" lon="7.149896">
        <ele>55.744266</ele>
        <time>2026-05-09T21:57:25.701000Z</time>
      </trkpt>
      <trkpt lat="50.77024" lon="7.149121">
        <ele>56.089563</ele>
        <time>2026-05-09T21:57:37.881000Z</time>
      </trkpt>
      <trkpt lat="50.769662" lon="7.148033">
        <ele>56.58299</ele>
        <time>2026-05-09T21:57:56.511000Z</time>
      </trkpt>
      <trkpt lat="50.769525" lon="7.147693">
        <ele>56.659417</ele>
        <time>2026-05-09T21:58:01.458000Z</time>
      </trkpt>
      <trkpt lat="50.769323" lon="7.147023">
        <ele>56.716869</ele>
        <time>2026-05-09T21:58:10.022000Z</time>
      </trkpt>
      <trkpt lat="50.769081" lon="7.146217">
        <ele>56.785931</ele>
        <time>2026-05-09T21:58:19.613000Z</time>
      </trkpt>
      <trkpt lat="50.768331" lon="7.143893">
        <ele>56.999091</ele>
        <time>2026-05-09T21:58:47.517000Z</time>
      </trkpt>
      <trkpt lat="50.767799" lon="7.142666">
        <ele>57.10099</ele>
        <time>2026-05-09T21:59:05.517000Z</time>
      </trkpt>
      <trkpt lat="50.767012" lon="7.142277">
        <ele>57.101228</ele>
        <time>2026-05-09T21:59:20.628000Z</time>
      </trkpt>
      <trkpt lat="50.766632" lon="7.142174">
        <ele>57.101339</ele>
        <time>2026-05-09T21:59:26.856000Z</time>
      </trkpt>
      <trkpt lat="50.764543" lon="7.140931">
        <ele>56.440066</ele>
        <time>2026-05-09T22:00:02.412000Z</time>
      </trkpt>
      <trkpt lat="50.763263" lon="7.14021">
        <ele>56.630443</ele>
        <time>2026-05-09T22:00:26.795000Z</time>
      </trkpt>
      <trkpt lat="50.761891" lon="7.139425">
        <ele>57.192271</ele>
        <time>2026-05-09T22:00:54.143000Z</time>
      </trkpt>
      <trkpt lat="50.760465" lon="7.138696">
        <ele>57.729945</ele>
        <time>2026-05-09T22:01:24.114000Z</time>
      </trkpt>
      <trkpt lat="50.760392" lon="7.138708">
        <ele>57.746896</ele>
        <time>2026-05-09T22:01:25.450000Z</time>
      </trkpt>
      <trkpt lat="50.760275" lon="7.138822">
        <ele>57.778639</ele>
        <time>2026-05-09T22:01:27.930000Z</time>
      </trkpt>
      <trkpt lat="50.759651" lon="7.140913">
        <ele>57.546253</ele>
        <time>2026-05-09T22:01:52.466000Z</time>
      </trkpt>
      <trkpt lat="50.759565" lon="7.141451">
        <ele>57.30203</ele>
        <time>2026-05-09T22:01:58.041000Z</time>
      </trkpt>
      <trkpt lat="50.759481" lon="7.141619">
        <ele>57.207782</ele>
        <time>2026-05-09T22:02:00.131000Z</time>
      </trkpt>
      <trkpt lat="50.759343" lon="7.141275">
        <ele>57.028505</ele>
        <time>2026-05-09T22:02:04.047000Z</time>
      </trkpt>
      <trkpt lat="50.758703" lon="7.140294">
        <ele>55.769165</ele>
        <time>2026-05-09T22:02:16.755000Z</time>
      </trkpt>
      <trkpt lat="50.758085" lon="7.139373">
        <ele>53.977957</ele>
        <time>2026-05-09T22:02:27.923000Z</time>
      </trkpt>
      <trkpt lat="50.757812" lon="7.138929">
        <ele>53.151905</ele>
        <time>2026-05-09T22:02:33.026000Z</time>
      </trkpt>
      <trkpt lat="50.757709" lon="7.138763">
        <ele>52.870247</ele>
        <time>2026-05-09T22:02:34.938000Z</time>
      </trkpt>
      <trkpt lat="50.757003" lon="7.137633">
        <ele>51.439212</ele>
        <time>2026-05-09T22:02:48.637000Z</time>
      </trkpt>
      <trkpt lat="50.756759" lon="7.137168">
        <ele>50.894848</ele>
        <time>2026-05-09T22:02:54.406000Z</time>
      </trkpt>
      <trkpt lat="50.756546" lon="7.136689">
        <ele>50.367874</ele>
        <time>2026-05-09T22:03:00.301000Z</time>
      </trkpt>
      <trkpt lat="50.756789" lon="7.136037">
        <ele>50.472306</ele>
        <time>2026-05-09T22:03:08.552000Z</time>
      </trkpt>
      <trkpt lat="50.75686" lon="7.135743">
        <ele>50.515735</ele>
        <time>2026-05-09T22:03:12.242000Z</time>
      </trkpt>
      <trkpt lat="50.756899" lon="7.135613">
        <ele>50.53559</ele>
        <time>2026-05-09T22:03:13.957000Z</time>
      </trkpt>
      <trkpt lat="50.755667" lon="7.13486">
        <ele>50.837701</ele>
        <time>2026-05-09T22:03:41.786000Z</time>
      </trkpt>
      <trkpt lat="50.755481" lon="7.134702">
        <ele>50.89388</ele>
        <time>2026-05-09T22:03:46.335000Z</time>
      </trkpt>
      <trkpt lat="50.754782" lon="7.133231">
        <ele>51.20354</ele>
        <time>2026-05-09T22:04:10.246000Z</time>
      </trkpt>
      <trkpt lat="50.754742" lon="7.133056">
        <ele>51.234859</ele>
        <time>2026-05-09T22:04:12.528000Z</time>
      </trkpt>
      <trkpt lat="50.75471" lon="7.132568">
        <ele>51.173168</ele>
        <time>2026-05-09T22:04:18.450000Z</time>
      </trkpt>
      <trkpt lat="50.755602" lon="7.129245">
        <ele>50.498262</ele>
        <time>2026-05-09T22:05:00.176000Z</time>
      </trkpt>
      <trkpt lat="50.755569" lon="7.129115">
        <ele>50.459444</ele>
        <time>2026-05-09T22:05:01.785000Z</time>
      </trkpt>
      <trkpt lat="50.755559" lon="7.128931">
        <ele>50.408264</ele>
        <time>2026-05-09T22:05:03.877000Z</time>
      </trkpt>
      <trkpt lat="50.755595" lon="7.128435">
        <ele>50.269907</ele>
        <time>2026-05-09T22:05:09.544000Z</time>
      </trkpt>
      <trkpt lat="50.755718" lon="7.127104">
        <ele>49.877669</ele>
        <time>2026-05-09T22:05:24.720000Z</time>
      </trkpt>
      <trkpt lat="50.755736" lon="7.126906">
        <ele>49.815287</ele>
        <time>2026-05-09T22:05:26.944000Z</time>
      </trkpt>
      <trkpt lat="50.755954" lon="7.125364">
        <ele>49.322538</ele>
        <time>2026-05-09T22:05:44.429000Z</time>
      </trkpt>
      <trkpt lat="50.755956" lon="7.125319">
        <ele>49.30847</ele>
        <time>2026-05-09T22:05:44.956000Z</time>
      </trkpt>
      <trkpt lat="50.756042" lon="7.124318">
        <ele>49.18012</ele>
        <time>2026-05-09T22:05:57.180000Z</time>
      </trkpt>
      <trkpt lat="50.755968" lon="7.123252">
        <ele>49.207918</ele>
        <time>2026-05-09T22:06:10.157000Z</time>
      </trkpt>
      <trkpt lat="50.756032" lon="7.1231">
        <ele>49.212651</ele>
        <time>2026-05-09T22:06:12.416000Z</time>
      </trkpt>
      <trkpt lat="50.756074" lon="7.122831">
        <ele>49.219834</ele>
        <time>2026-05-09T22:06:16.018000Z</time>
      </trkpt>
      <trkpt lat="50.756067" lon="7.122693">
        <ele>49.223422</ele>
        <time>2026-05-09T22:06:17.823000Z</time>
      </trkpt>
      <trkpt lat="50.756007" lon="7.122483">
        <ele>49.229395</ele>
        <time>2026-05-09T22:06:20.960000Z</time>
      </trkpt>
      <trkpt lat="50.755935" lon="7.121989">
        <ele>49.244597</ele>
        <time>2026-05-09T22:06:27.435000Z</time>
      </trkpt>
      <trkpt lat="50.755844" lon="7.121708">
        <ele>49.258321</ele>
        <time>2026-05-09T22:06:31.199000Z</time>
      </trkpt>
      <trkpt lat="50.755743" lon="7.121133">
        <ele>49.284266</ele>
        <time>2026-05-09T22:06:38.136000Z</time>
      </trkpt>
      <trkpt lat="50.755622" lon="7.120728">
        <ele>49.303738</ele>
        <time>2026-05-09T22:06:43.432000Z</time>
      </trkpt>
      <trkpt lat="50.755554" lon="7.120259">
        <ele>49.324657</ele>
        <time>2026-05-09T22:06:49.190000Z</time>
      </trkpt>
      <trkpt lat="50.755514" lon="7.120121">
        <ele>49.331257</ele>
        <time>2026-05-09T22:06:51.004000Z</time>
      </trkpt>
      <trkpt lat="50.755364" lon="7.119812">
        <ele>49.34819</ele>
        <time>2026-05-09T22:06:55.752000Z</time>
      </trkpt>
      <trkpt lat="50.755155" lon="7.118809">
        <ele>49.66432</ele>
        <time>2026-05-09T22:07:10.090000Z</time>
      </trkpt>
      <trkpt lat="50.754872" lon="7.118956">
        <ele>49.863234</ele>
        <time>2026-05-09T22:07:16.977000Z</time>
      </trkpt>
      <trkpt lat="50.754813" lon="7.118938">
        <ele>49.903358</ele>
        <time>2026-05-09T22:07:19.199000Z</time>
      </trkpt>
      <trkpt lat="50.754635" lon="7.118769">
        <ele>50.04201</ele>
        <time>2026-05-09T22:07:27.007000Z</time>
      </trkpt>
      <trkpt lat="50.754414" lon="7.118632">
        <ele>50.200525</ele>
        <time>2026-05-09T22:07:35.871000Z</time>
      </trkpt>
      <trkpt lat="50.754262" lon="7.118577">
        <ele>50.304648</ele>
        <time>2026-05-09T22:07:41.688000Z</time>
      </trkpt>
      <trkpt lat="50.754204" lon="7.118518">
        <ele>50.350704</ele>
        <time>2026-05-09T22:07:44.267000Z</time>
      </trkpt>
      <trkpt lat="50.754139" lon="7.118283">
        <ele>50.459053</ele>
        <time>2026-05-09T22:07:48.603000Z</time>
      </trkpt>
      <trkpt lat="50.754135" lon="7.118095">
        <ele>50.538519</ele>
        <time>2026-05-09T22:07:51.264000Z</time>
      </trkpt>
      <trkpt lat="50.754058" lon="7.117865">
        <ele>50.656788</ele>
        <time>2026-05-09T22:07:55.015000Z</time>
      </trkpt>
      <trkpt lat="50.753714" lon="7.116363">
        <ele>51.398368</ele>
        <time>2026-05-09T22:08:16.457000Z</time>
      </trkpt>
      <trkpt lat="50.753669" lon="7.116156">
        <ele>51.499982</ele>
        <time>2026-05-09T22:08:19.290000Z</time>
      </trkpt>
      <trkpt lat="50.753621" lon="7.11478">
        <ele>52.469862</ele>
        <time>2026-05-09T22:08:40.441000Z</time>
      </trkpt>
      <trkpt lat="50.753636" lon="7.114394">
        <ele>52.881122</ele>
        <time>2026-05-09T22:08:47.006000Z</time>
      </trkpt>
      <trkpt lat="50.753616" lon="7.114399">
        <ele>52.915158</ele>
        <time>2026-05-09T22:08:47.512000Z</time>
      </trkpt>
      <trkpt lat="50.753536" lon="7.114414">
        <ele>53.050574</ele>
        <time>2026-05-09T22:08:49.575000Z</time>
      </trkpt>
      <trkpt lat="50.753488" lon="7.114424">
        <ele>53.131955</ele>
        <time>2026-05-09T22:08:50.791000Z</time>
      </trkpt>
      <trkpt lat="50.753358" lon="7.114456">
        <ele>53.353107</ele>
        <time>2026-05-09T22:08:54.179000Z</time>
      </trkpt>
      <trkpt lat="50.752758" lon="7.114608">
        <ele>54.374524</ele>
        <time>2026-05-09T22:09:10.311000Z</time>
      </trkpt>
      <trkpt lat="50.752372" lon="7.114707">
        <ele>54.887475</ele>
        <time>2026-05-09T22:09:21.192000Z</time>
      </trkpt>
      <trkpt lat="50.751926" lon="7.114897">
        <ele>54.763543</ele>
        <time>2026-05-09T22:09:31.832000Z</time>
      </trkpt>
      <trkpt lat="50.75147" lon="7.115151">
        <ele>54.633822</ele>
        <time>2026-05-09T22:09:40.093000Z</time>
      </trkpt>
      <trkpt lat="50.751469" lon="7.114969">
        <ele>54.602927</ele>
        <time>2026-05-09T22:09:41.804000Z</time>
      </trkpt>
      <trkpt lat="50.75143" lon="7.114824">
        <ele>54.576181</ele>
        <time>2026-05-09T22:09:43.249000Z</time>
      </trkpt>
      <trkpt lat="50.751304" lon="7.114476">
        <ele>54.508119</ele>
        <time>2026-05-09T22:09:46.745000Z</time>
      </trkpt>
      <trkpt lat="50.751181" lon="7.114263">
        <ele>54.459166</ele>
        <time>2026-05-09T22:09:49.212000Z</time>
      </trkpt>
      <trkpt lat="50.751145" lon="7.114215">
        <ele>54.446529</ele>
        <time>2026-05-09T22:09:49.841000Z</time>
      </trkpt>
      <trkpt lat="50.750993" lon="7.114002">
        <ele>54.213411</ele>
        <time>2026-05-09T22:09:52.546000Z</time>
      </trkpt>
      <trkpt lat="50.750674" lon="7.113679">
        <ele>53.557268</ele>
        <time>2026-05-09T22:09:57.474000Z</time>
      </trkpt>
      <trkpt lat="50.750508" lon="7.113524">
        <ele>53.22334</ele>
        <time>2026-05-09T22:09:59.964000Z</time>
      </trkpt>
      <trkpt lat="50.750117" lon="7.112874">
        <ele>52.240522</ele>
        <time>2026-05-09T22:10:07.643000Z</time>
      </trkpt>
      <trkpt lat="50.750021" lon="7.112718">
        <ele>52.002052</ele>
        <time>2026-05-09T22:10:09.602000Z</time>
      </trkpt>
      <trkpt lat="50.749635" lon="7.111867">
        <ele>51.283674</ele>
        <time>2026-05-09T22:10:19.995000Z</time>
      </trkpt>
      <trkpt lat="50.749493" lon="7.111977">
        <ele>51.268066</ele>
        <time>2026-05-09T22:10:22.627000Z</time>
      </trkpt>
      <trkpt lat="50.748463" lon="7.112744">
        <ele>51.155695</ele>
        <time>2026-05-09T22:10:42.337000Z</time>
      </trkpt>
      <trkpt lat="50.747951" lon="7.113169">
        <ele>51.279475</ele>
        <time>2026-05-09T22:10:52.728000Z</time>
      </trkpt>
      <trkpt lat="50.747324" lon="7.113644">
        <ele>51.581682</ele>
        <time>2026-05-09T22:11:06.126000Z</time>
      </trkpt>
      <trkpt lat="50.746992" lon="7.113915">
        <ele>51.74409</ele>
        <time>2026-05-09T22:11:13.474000Z</time>
      </trkpt>
      <trkpt lat="50.746705" lon="7.114088">
        <ele>51.877596</ele>
        <time>2026-05-09T22:11:19.401000Z</time>
      </trkpt>
      <trkpt lat="50.746408" lon="7.114249">
        <ele>51.975616</ele>
        <time>2026-05-09T22:11:25.531000Z</time>
      </trkpt>
      <trkpt lat="50.745998" lon="7.114403">
        <ele>52.088513</ele>
        <time>2026-05-09T22:11:33.747000Z</time>
      </trkpt>
      <trkpt lat="50.745465" lon="7.114481">
        <ele>52.231914</ele>
        <time>2026-05-09T22:11:43.570000Z</time>
      </trkpt>
      <trkpt lat="50.745332" lon="7.114499">
        <ele>52.267675</ele>
        <time>2026-05-09T22:11:45.921000Z</time>
      </trkpt>
      <trkpt lat="50.74521" lon="7.114504">
        <ele>52.300369</ele>
        <time>2026-05-09T22:11:48.041000Z</time>
      </trkpt>
      <trkpt lat="50.744031" lon="7.114546">
        <ele>52.445731</ele>
        <time>2026-05-09T22:12:08.048000Z</time>
      </trkpt>
      <trkpt lat="50.743313" lon="7.114632">
        <ele>52.489486</ele>
        <time>2026-05-09T22:12:20.643000Z</time>
      </trkpt>
      <trkpt lat="50.74324" lon="7.114631">
        <ele>52.493922</ele>
        <time>2026-05-09T22:12:21.924000Z</time>
      </trkpt>
      <trkpt lat="50.743181" lon="7.114608">
        <ele>52.497615</ele>
        <time>2026-05-09T22:12:22.995000Z</time>
      </trkpt>
      <trkpt lat="50.742729" lon="7.114626">
        <ele>52.756545</ele>
        <time>2026-05-09T22:12:31.161000Z</time>
      </trkpt>
      <trkpt lat="50.742672" lon="7.114636">
        <ele>52.800155</ele>
        <time>2026-05-09T22:12:32.254000Z</time>
      </trkpt>
      <trkpt lat="50.742593" lon="7.1147">
        <ele>52.867662</ele>
        <time>2026-05-09T22:12:33.954000Z</time>
      </trkpt>
      <trkpt lat="50.742114" lon="7.114799">
        <ele>53.235004</ele>
        <time>2026-05-09T22:12:43.738000Z</time>
      </trkpt>
      <trkpt lat="50.741983" lon="7.114821">
        <ele>53.33518</ele>
        <time>2026-05-09T22:12:46.546000Z</time>
      </trkpt>
      <trkpt lat="50.741478" lon="7.114919">
        <ele>53.722076</ele>
        <time>2026-05-09T22:12:57.707000Z</time>
      </trkpt>
      <trkpt lat="50.741221" lon="7.114967">
        <ele>53.92825</ele>
        <time>2026-05-09T22:13:03.486000Z</time>
      </trkpt>
      <trkpt lat="50.741214" lon="7.114927">
        <ele>53.952283</ele>
        <time>2026-05-09T22:13:04.115000Z</time>
      </trkpt>
      <trkpt lat="50.740418" lon="7.115133">
        <ele>54.690376</ele>
        <time>2026-05-09T22:13:23.556000Z</time>
      </trkpt>
      <trkpt lat="50.739199" lon="7.115714">
        <ele>55.125809</ele>
        <time>2026-05-09T22:13:50.424000Z</time>
      </trkpt>
      <trkpt lat="50.73913" lon="7.115696">
        <ele>55.051201</ele>
        <time>2026-05-09T22:13:51.505000Z</time>
      </trkpt>
      <trkpt lat="50.739126" lon="7.115743">
        <ele>55.019184</ele>
        <time>2026-05-09T22:13:52.054000Z</time>
      </trkpt>
      <trkpt lat="50.73905" lon="7.115799">
        <ele>54.929723</ele>
        <time>2026-05-09T22:13:53.327000Z</time>
      </trkpt>
      <trkpt lat="50.738945" lon="7.115942">
        <ele>54.781842</ele>
        <time>2026-05-09T22:13:55.361000Z</time>
      </trkpt>
      <trkpt lat="50.738886" lon="7.116023">
        <ele>54.69846</ele>
        <time>2026-05-09T22:13:56.479000Z</time>
      </trkpt>
      <trkpt lat="50.738869" lon="7.115957">
        <ele>54.650351</ele>
        <time>2026-05-09T22:13:57.241000Z</time>
      </trkpt>
      <trkpt lat="50.738846" lon="7.115885">
        <ele>54.595899</ele>
        <time>2026-05-09T22:13:58.100000Z</time>
      </trkpt>
      <trkpt lat="50.738864" lon="7.115763">
        <ele>54.511322</ele>
        <time>2026-05-09T22:13:59.418000Z</time>
      </trkpt>
      <trkpt lat="50.738828" lon="7.115368">
        <ele>54.241887</ele>
        <time>2026-05-09T22:14:03.522000Z</time>
      </trkpt>
      <trkpt lat="50.738756" lon="7.114711">
        <ele>53.791713</ele>
        <time>2026-05-09T22:14:10.231000Z</time>
      </trkpt>
      <trkpt lat="50.738727" lon="7.114479">
        <ele>53.632052</ele>
        <time>2026-05-09T22:14:12.464000Z</time>
      </trkpt>
      <trkpt lat="50.738574" lon="7.11341">
        <ele>53.371618</ele>
        <time>2026-05-09T22:14:23.166000Z</time>
      </trkpt>
      <trkpt lat="50.738118" lon="7.110063">
        <ele>53.985793</ele>
        <time>2026-05-09T22:15:09.980000Z</time>
      </trkpt>
      <trkpt lat="50.73765" lon="7.106707">
        <ele>56.962147</ele>
        <time>2026-05-09T22:16:05.118000Z</time>
      </trkpt>
      <trkpt lat="50.73757" lon="7.106414">
        <ele>57.28195</ele>
        <time>2026-05-09T22:16:10.913000Z</time>
      </trkpt>
      <trkpt lat="50.737496" lon="7.106241">
        <ele>57.491215</ele>
        <time>2026-05-09T22:16:14.727000Z</time>
      </trkpt>
      <trkpt lat="50.737447" lon="7.105809">
        <ele>57.959663</ele>
        <time>2026-05-09T22:16:22.790000Z</time>
      </trkpt>
      <trkpt lat="50.737453" lon="7.105742">
        <ele>58.033025</ele>
        <time>2026-05-09T22:16:24.138000Z</time>
      </trkpt>
      <trkpt lat="50.737458" lon="7.105687">
        <ele>58.093266</ele>
        <time>2026-05-09T22:16:25.076000Z</time>
      </trkpt>
      <trkpt lat="50.737277" lon="7.105735">
        <ele>58.40767</ele>
        <time>2026-05-09T22:16:29.599000Z</time>
      </trkpt>
      <trkpt lat="50.737078" lon="7.105784">
        <ele>58.752688</ele>
        <time>2026-05-09T22:16:34.412000Z</time>
      </trkpt>
      <trkpt lat="50.737002" lon="7.105805">
        <ele>58.884857</ele>
        <time>2026-05-09T22:16:36.485000Z</time>
      </trkpt>
      <trkpt lat="50.736871" lon="7.10584">
        <ele>59.112456</ele>
        <time>2026-05-09T22:16:39.745000Z</time>
      </trkpt>
      <trkpt lat="50.7366" lon="7.105918">
        <ele>59.58434</ele>
        <time>2026-05-09T22:16:46.057000Z</time>
      </trkpt>
      <trkpt lat="50.736138" lon="7.106072">
        <ele>60.393203</ele>
        <time>2026-05-09T22:16:57.385000Z</time>
      </trkpt>
      <trkpt lat="50.736045" lon="7.106103">
        <ele>60.556026</ele>
        <time>2026-05-09T22:16:59.969000Z</time>
      </trkpt>
      <trkpt lat="50.735939" lon="7.105724">
        <ele>60.980877</ele>
        <time>2026-05-09T22:17:07.282000Z</time>
      </trkpt>
      <trkpt lat="50.735778" lon="7.105198">
        <ele>61.569265</ele>
        <time>2026-05-09T22:17:16.558000Z</time>
      </trkpt>
      <trkpt lat="50.73573" lon="7.105041">
        <ele>61.744849</ele>
        <time>2026-05-09T22:17:19.430000Z</time>
      </trkpt>
      <trkpt lat="50.735644" lon="7.105086">
        <ele>61.888995</ele>
        <time>2026-05-09T22:17:21.517000Z</time>
      </trkpt>
      <trkpt lat="50.735408" lon="7.105209">
        <ele>62.284404</ele>
        <time>2026-05-09T22:17:27.897000Z</time>
      </trkpt>
      <trkpt lat="50.735358" lon="7.105235">
        <ele>62.368159</ele>
        <time>2026-05-09T22:17:29.188000Z</time>
      </trkpt>
      <trkpt lat="50.73527" lon="7.105278">
        <ele>62.514721</ele>
        <time>2026-05-09T22:17:31.570000Z</time>
      </trkpt>
      <trkpt lat="50.734693" lon="7.105412">
        <ele>63.44267</ele>
        <time>2026-05-09T22:17:45.619000Z</time>
      </trkpt>
      <trkpt lat="50.734669" lon="7.105297">
        <ele>63.524465</ele>
        <time>2026-05-09T22:17:47.183000Z</time>
      </trkpt>
      <trkpt lat="50.73444" lon="7.104193">
        <ele>63.524465</ele>
        <time>2026-05-09T22:18:01.304000Z</time>
      </trkpt>
      <trkpt lat="50.734398" lon="7.103993">
        <ele>63.524465</ele>
        <time>2026-05-09T22:18:03.613000Z</time>
      </trkpt>
      <trkpt lat="50.734376" lon="7.103884">
        <ele>63.524465</ele>
        <time>2026-05-09T22:18:04.842000Z</time>
      </trkpt>
      <trkpt lat="50.734402" lon="7.103828">
        <ele>63.524465</ele>
        <time>2026-05-09T22:18:05.632000Z</time>
      </trkpt>
    </trkseg>
  </trk>
</gpx>